symbol,isin,trade_date,exchange,segment,series,trade_type,auction,quantity,price,trade_id,order_id,order_execution_time
BAJAJHFL,INE377Y01014,2025-06-02,NSE,EQ,EQ,buy,False,1.0,122.39,5243244,1000000049655914,2025-06-02T13:34:25
YUKEN,INE384C01016,2025-06-03,NSE,EQ,EQ,sell,False,11.0,1053.1,601487562,1300000009407360,2025-06-03T09:37:33
YUKEN,INE384C01016,2025-06-03,NSE,EQ,EQ,sell,False,2.0,1052.8,601487563,1300000009407360,2025-06-03T09:37:33
HINDCOPPER,INE531E01026,2025-06-03,NSE,EQ,EQ,sell,False,50.0,252.0,202925331,1100000021780954,2025-06-03T10:16:40
HERANBA-T,INE694N01015,2025-06-03,BSE,EQ,T,sell,False,15.0,298.8,161900,1748923200000000043,2025-06-03T10:34:04
FINPIPE,INE183A01024,2025-06-04,NSE,EQ,EQ,buy,False,46.0,217.67,200265366,1100000000276190,2025-06-04T09:15:00
FIVESTAR,INE128S01021,2025-06-04,NSE,EQ,EQ,buy,False,4.0,684.95,200045560,1100000000321337,2025-06-04T09:15:03
ITC,INE154A01025,2025-06-04,NSE,EQ,EQ,buy,False,23.0,418.0,200062435,1100000000411310,2025-06-04T09:15:10
IRFC,INE053F01010,2025-06-04,NSE,EQ,EQ,sell,False,120.0,140.1,201129580,1100000008594460,2025-06-04T09:35:32
BBL,INE464A01036,2025-06-04,NSE,EQ,EQ,buy,False,1.0,2899.9,2531152,1000000022887552,2025-06-04T10:45:12
COALINDIA,INE522F01014,2025-06-04,NSE,EQ,EQ,buy,False,25.0,393.45,3695398,1000000034107470,2025-06-04T12:02:41
PNCINFRA,INE195J01029,2025-06-05,NSE,EQ,EQ,sell,False,10.0,300.0,401362222,1200000011136622,2025-06-05T09:47:37
VBL,INE200M01039,2025-06-05,NSE,EQ,EQ,buy,False,21.0,472.5,601956528,1300000013632358,2025-06-05T09:53:40
PNCINFRA,INE195J01029,2025-06-05,NSE,EQ,EQ,sell,False,10.0,316.5,402488164,1200000021261452,2025-06-05T10:37:59
BBL,INE464A01036,2025-06-06,NSE,EQ,EQ,sell,False,1.0,3039.3,492710,1000000002956161,2025-06-06T09:19:37
RPGLIFE,INE105J01010,2025-06-06,NSE,EQ,EQ,buy,False,1.0,2138.3,606178760,1300000051925267,2025-06-06T13:14:03
RPGLIFE,INE105J01010,2025-06-06,NSE,EQ,EQ,buy,False,3.0,2138.4,606178761,1300000051925267,2025-06-06T13:14:03
FIVESTAR,INE128S01021,2025-06-06,NSE,EQ,EQ,sell,False,24.0,735.0,206958039,1100000059622334,2025-06-06T13:21:28
PNCINFRA,INE195J01029,2025-06-09,NSE,EQ,EQ,sell,False,10.0,318.85,402215091,1200000016805863,2025-06-09T10:05:35
JPPOWER,INE351F01018,2025-06-10,BSE,EQ,A,sell,False,800.0,17.3,1612100,1749526200005620496,2025-06-10T09:22:56
DHARMAJ-BE,INE00OQ01016,2025-06-10,NSE,EQ,BE,sell,False,50.0,263.0,205330024,1100000039381063,2025-06-10T12:05:31
DHARMAJ-BE,INE00OQ01016,2025-06-10,NSE,EQ,BE,sell,False,30.0,263.0,205448227,1100000039381063,2025-06-10T12:05:31
ELECTCAST,INE086A01029,2025-06-10,BSE,EQ,A,sell,False,30.0,116.05,6223300,1749541090271808035,2025-06-10T14:17:13
ELECTCAST,INE086A01029,2025-06-11,NSE,EQ,EQ,sell,False,20.0,123.57,204147007,1100000032422256,2025-06-11T11:19:11
M&MFIN,INE774D01024,2025-06-12,NSE,EQ,EQ,sell,False,55.0,275.8,403600903,1200000037343592,2025-06-12T11:45:37
M&MFIN,INE774D01024,2025-06-12,NSE,EQ,EQ,sell,False,3.0,275.8,403600901,1200000037343592,2025-06-12T11:45:37
M&MFIN,INE774D01024,2025-06-12,NSE,EQ,EQ,sell,False,2.0,275.8,403600902,1200000037343592,2025-06-12T11:45:37
SHAILY,INE151G01028,2025-06-12,NSE,EQ,EQ,buy,False,1.0,1775.9,606599754,1300000052877144,2025-06-12T13:07:00
SHAILY,INE151G01028,2025-06-12,NSE,EQ,EQ,buy,False,1.0,1775.9,606599752,1300000052877144,2025-06-12T13:07:00
SHAILY,INE151G01028,2025-06-12,NSE,EQ,EQ,buy,False,1.0,1775.9,606599753,1300000052877144,2025-06-12T13:07:00
SHAILY,INE151G01028,2025-06-12,NSE,EQ,EQ,buy,False,4.0,1776.0,606599755,1300000052877144,2025-06-12T13:07:00
BBL,INE464A01036,2025-06-12,NSE,EQ,EQ,buy,False,3.0,2967.1,5467551,1000000051466576,2025-06-12T14:09:31
TATATECH,INE142M01025,2025-06-12,NSE,EQ,EQ,sell,False,3.0,765.35,609466871,1300000076741910,2025-06-12T14:58:56
COALINDIA,INE522F01014,2025-06-13,BSE,EQ,A,buy,False,25.0,388.15,238600,1749785400114041168,2025-06-13T09:15:09
NCC,INE868B01028,2025-06-13,NSE,EQ,EQ,buy,False,42.0,226.23,400083583,1200000000378827,2025-06-13T09:15:11
INDUSTOWER,INE121J01017,2025-06-13,NSE,EQ,EQ,buy,False,26.0,376.65,200124924,1100000000515722,2025-06-13T09:15:11
ITC,INE154A01025,2025-06-13,NSE,EQ,EQ,buy,False,23.0,415.0,208367812,1100000073728910,2025-06-13T14:06:20
VBL,INE200M01039,2025-06-16,NSE,EQ,EQ,buy,False,20.0,460.0,603610508,1300000031102552,2025-06-16T10:42:28
BBL,INE464A01036,2025-06-17,NSE,EQ,EQ,buy,False,3.0,2950.0,41298,1000000000274945,2025-06-17T09:15:03
POLYPLEX,INE633B01018,2025-06-17,NSE,EQ,EQ,buy,False,7.0,1250.0,404255606,1200000043683493,2025-06-17T12:45:21
NCC,INE868B01028,2025-06-18,NSE,EQ,EQ,buy,False,43.0,223.45,403562340,1200000002684421,2025-06-18T09:20:15
INFY,INE009A01021,2025-06-18,NSE,EQ,EQ,buy,False,8.0,1632.4,203751436,1100000036496897,2025-06-18T11:21:03
RPGLIFE,INE105J01010,2025-06-18,NSE,EQ,EQ,sell,False,4.0,2300.0,603774480,1300000034872026,2025-06-18T11:32:24
LXCHEM,INE576O01020,2025-06-18,NSE,EQ,EQ,buy,False,1.0,193.58,403156552,1200000039062028,2025-06-18T11:58:44
LXCHEM,INE576O01020,2025-06-18,NSE,EQ,EQ,buy,False,52.0,193.57,403156551,1200000039062028,2025-06-18T11:58:44
LXCHEM,INE576O01020,2025-06-18,NSE,EQ,EQ,buy,False,7.0,193.56,403156550,1200000039062028,2025-06-18T11:58:44
BAJAJHFL,INE377Y01014,2025-06-18,NSE,EQ,EQ,buy,False,20.0,120.53,2832759,1000000032845106,2025-06-18T12:00:27
TORNTPOWER,INE813H01021,2025-06-18,NSE,EQ,EQ,buy,False,7.0,1385.0,606269402,1300000049951631,2025-06-18T13:00:32
FINPIPE,INE183A01024,2025-06-19,NSE,EQ,EQ,sell,False,46.0,230.4,200205529,1100000001625097,2025-06-19T09:17:01
BBL,INE464A01036,2025-06-19,NSE,EQ,EQ,buy,False,4.0,2855.0,1862186,1000000019599821,2025-06-19T10:33:19
AGARIND,INE204E01012,2025-06-19,NSE,EQ,EQ,buy,False,10.0,955.0,3287140,1000000036870884,2025-06-19T12:18:46
INDUSTOWER,INE121J01017,2025-06-19,NSE,EQ,EQ,sell,False,26.0,389.5,208841183,1100000087690568,2025-06-19T15:19:39
SYRMA,INE0DYJ01015,2025-06-20,NSE,EQ,EQ,buy,False,18.0,505.0,600658210,1300000005133472,2025-06-20T09:24:10
POLYPLEX,INE633B01018,2025-06-20,NSE,EQ,EQ,buy,False,8.0,1210.0,403946485,1200000009470457,2025-06-20T09:35:42
ELECTCAST,INE086A01029,2025-06-20,NSE,EQ,EQ,buy,False,10.0,124.93,201623782,1100000015036981,2025-06-20T09:48:45
JPPOWER,INE351F01018,2025-06-23,NSE,EQ,EQ,sell,False,99.0,17.16,201823666,1100000017047681,2025-06-23T09:53:12
JPPOWER,INE351F01018,2025-06-23,NSE,EQ,EQ,sell,False,801.0,17.16,201823667,1100000017047681,2025-06-23T09:53:12
SAIL,INE114A01011,2025-06-24,NSE,EQ,EQ,buy,False,78.0,129.0,600208591,1300000000630922,2025-06-24T09:15:26
SYRMA,INE0DYJ01015,2025-06-24,NSE,EQ,EQ,sell,False,18.0,530.0,607741568,1300000077603068,2025-06-24T15:00:01
TATATECH,INE142M01025,2025-06-26,NSE,EQ,EQ,buy,False,5.0,701.15,602684493,1300000023366209,2025-06-26T10:38:18
IGIL,INE0Q9301021,2025-06-26,NSE,EQ,EQ,buy,False,1.0,362.7,203121142,1100000026428341,2025-06-26T10:43:01
IGIL,INE0Q9301021,2025-06-26,NSE,EQ,EQ,buy,False,8.0,362.65,203121141,1100000026428341,2025-06-26T10:43:01
IGIL,INE0Q9301021,2025-06-26,NSE,EQ,EQ,buy,False,8.0,362.75,203121143,1100000026428341,2025-06-26T10:43:01
IGIL,INE0Q9301021,2025-06-26,NSE,EQ,EQ,buy,False,11.0,362.8,203121144,1100000026428341,2025-06-26T10:43:01
JINDALSAW,INE324A01032,2025-06-26,NSE,EQ,EQ,buy,False,12.0,241.3,205669548,1100000050087953,2025-06-26T12:40:48
JINDALSAW,INE324A01032,2025-06-26,NSE,EQ,EQ,buy,False,19.0,241.31,205669549,1100000050087953,2025-06-26T12:40:48
JINDALSAW,INE324A01032,2025-06-26,NSE,EQ,EQ,buy,False,10.0,241.29,205669545,1100000050087953,2025-06-26T12:40:48
JINDALSAW,INE324A01032,2025-06-26,NSE,EQ,EQ,buy,False,3.0,241.3,205669546,1100000050087953,2025-06-26T12:40:48
JINDALSAW,INE324A01032,2025-06-26,NSE,EQ,EQ,buy,False,6.0,241.3,205669547,1100000050087953,2025-06-26T12:40:48
JINDALSAW,INE324A01032,2025-06-26,NSE,EQ,EQ,sell,False,50.0,240.87,207474266,1100000067067953,2025-06-26T14:11:15
SHAILY,INE151G01028,2025-06-26,NSE,EQ,EQ,buy,False,1.0,1669.6,606344594,1300000062732562,2025-06-26T14:26:11
SHAILY,INE151G01028,2025-06-26,NSE,EQ,EQ,buy,False,1.0,1669.5,606344593,1300000062732562,2025-06-26T14:26:11
JINDALSAW,INE324A01032,2025-06-26,NSE,EQ,EQ,buy,False,50.0,242.0,209979202,1100000082670022,2025-06-26T15:20:23
SHAILY,INE151G01028,2025-06-27,NSE,EQ,EQ,buy,False,3.0,1660.0,600097340,1300000000452577,2025-06-27T09:15:10
GAEL,INE036B01030,2025-06-27,NSE,EQ,EQ,buy,False,14.0,113.67,200098900,1100000000650529,2025-06-27T09:15:23
GAEL,INE036B01030,2025-06-27,NSE,EQ,EQ,buy,False,26.0,113.67,200098899,1100000000650529,2025-06-27T09:15:23
TATATECH,INE142M01025,2025-06-27,NSE,EQ,EQ,buy,False,5.0,713.0,600388261,1300000002722770,2025-06-27T09:19:25
HERANBA-BE,INE694N01015,2025-06-27,NSE,EQ,BE,sell,False,20.0,300.0,200669080,1100000005179611,2025-06-27T09:24:15
ELECTCAST,INE086A01029,2025-06-27,NSE,EQ,EQ,sell,False,30.0,134.0,203756871,1100000032579703,2025-06-27T11:00:14
BBL,INE464A01036,2025-06-27,NSE,EQ,EQ,sell,False,1.0,3081.2,6285888,1000000066189957,2025-06-27T14:48:47
BBL,INE464A01036,2025-06-27,NSE,EQ,EQ,sell,False,2.0,3081.1,6285889,1000000066189957,2025-06-27T14:48:47
BBL,INE464A01036,2025-06-27,NSE,EQ,EQ,sell,False,1.0,3081.1,6285890,1000000066189957,2025-06-27T14:48:47
BBL,INE464A01036,2025-06-27,NSE,EQ,EQ,sell,False,1.0,3080.4,6285891,1000000066189957,2025-06-27T14:48:47
GAEL,INE036B01030,2025-06-30,NSE,EQ,EQ,buy,False,20.0,112.17,200893870,1100000006481225,2025-06-30T09:26:18
LODHA,INE670K01029,2025-06-30,NSE,EQ,EQ,buy,False,6.0,1399.0,401081696,1200000009125903,2025-06-30T09:34:17
TORNTPOWER,INE813H01021,2025-06-30,NSE,EQ,EQ,sell,False,7.0,1470.0,608063974,1300000064796737,2025-06-30T14:07:43
HERANBA,INE694N01015,2025-07-01,NSE,EQ,EQ,sell,False,10.0,345.0,208203061,1100000074918489,2025-07-01T14:54:03
GOACARBON,INE426D01013,2025-07-02,BSE,EQ,B,buy,False,20.0,493.0,2299000,1751427000005422126,2025-07-02T09:23:17
LUXIND,INE150G01020,2025-07-02,NSE,EQ,EQ,buy,False,6.0,1446.0,401093059,1200000009773184,2025-07-02T09:40:19
BBL,INE464A01036,2025-07-02,BSE,EQ,A,sell,False,4.0,3039.0,2392400,1751429566172833587,2025-07-02T10:16:22
BBL,INE464A01036,2025-07-02,BSE,EQ,A,sell,False,1.0,3039.05,2392200,1751429566172833587,2025-07-02T10:16:22
ITDC,INE353K01014,2025-07-02,NSE,EQ,EQ,buy,False,4.0,603.65,207069708,1100000017225491,2025-07-02T14:41:38
ITDC,INE353K01014,2025-07-02,NSE,EQ,EQ,buy,False,9.0,603.8,207069711,1100000017225491,2025-07-02T14:41:38
ITDC,INE353K01014,2025-07-02,NSE,EQ,EQ,buy,False,1.0,603.75,207069710,1100000017225491,2025-07-02T14:41:38
ITDC,INE353K01014,2025-07-02,NSE,EQ,EQ,buy,False,1.0,603.7,207069709,1100000017225491,2025-07-02T14:41:38
ITDC,INE353K01014,2025-07-02,NSE,EQ,EQ,buy,False,1.0,603.6,207069707,1100000017225491,2025-07-02T14:41:38
CAPITALSFB,INE646H01017,2025-07-03,NSE,EQ,EQ,buy,False,40.0,282.0,442560,1000000003704405,2025-07-03T09:22:56
GOACARBON,INE426D01013,2025-07-03,BSE,EQ,B,buy,False,18.0,483.5,17161900,1751526254056974159,2025-07-03T13:33:26
GOACARBON,INE426D01013,2025-07-03,BSE,EQ,B,buy,False,2.0,483.5,15285100,1751526254056974159,2025-07-03T13:33:26
HERANBA,INE694N01015,2025-07-04,BSE,EQ,B,sell,False,40.0,368.0,10002300,1751614093424322315,2025-07-04T13:13:33
HGINFRA,INE926X01010,2025-07-04,NSE,EQ,EQ,buy,False,1.0,1062.4,206439804,1100000062397281,2025-07-04T14:46:08
HGINFRA,INE926X01010,2025-07-04,NSE,EQ,EQ,buy,False,8.0,1062.5,206439805,1100000062397281,2025-07-04T14:46:08
SHAILY,INE151G01028,2025-07-07,NSE,EQ,EQ,buy,False,3.0,1645.0,600877782,1300000006785579,2025-07-07T09:30:29
AGARIND,INE204E01012,2025-07-07,NSE,EQ,EQ,buy,False,10.0,942.7,2868993,1000000031421918,2025-07-07T11:53:45
FINPIPE,INE183A01024,2025-07-07,NSE,EQ,EQ,buy,False,43.0,207.3,204385007,1100000042546077,2025-07-07T11:54:07
FINPIPE,INE183A01024,2025-07-07,NSE,EQ,EQ,buy,False,3.0,207.3,204385006,1100000042546077,2025-07-07T11:54:07
POLYPLEX,INE633B01018,2025-07-07,NSE,EQ,EQ,buy,False,8.0,1185.4,403184851,1200000040711649,2025-07-07T11:54:30
NAHARINDUS-T,INE289A01011,2025-07-07,BSE,EQ,T,buy,False,73.0,127.0,5583200,1751859000023040054,2025-07-07T12:02:32
ELECTCAST,INE086A01029,2025-07-07,NSE,EQ,EQ,buy,False,10.0,123.79,206114359,1100000060275809,2025-07-07T13:29:36
AWFIS,INE108V01019,2025-07-08,NSE,EQ,EQ,buy,False,15.0,622.0,876257,1000000007395350,2025-07-08T09:35:58
COALINDIA,INE522F01014,2025-07-08,NSE,EQ,EQ,buy,False,26.0,383.0,2779500,1000000026277118,2025-07-08T11:08:28
INOXWIND,INE066P01011,2025-07-08,NSE,EQ,EQ,buy,False,57.0,175.8,207295448,1100000066789627,2025-07-08T14:51:56
SARDAEN,INE385C01021,2025-07-09,NSE,EQ,EQ,buy,False,23.0,426.0,600174337,1300000000443704,2025-07-09T09:15:10
SHAILY,INE151G01028,2025-07-09,NSE,EQ,EQ,buy,False,2.0,1618.4,607624855,1300000063345343,2025-07-09T14:56:31
SAIL,INE114A01011,2025-07-10,NSE,EQ,EQ,sell,False,78.0,135.15,602148668,1300000017657456,2025-07-10T10:10:44
SOLARINDS,INE343H01029,2025-07-10,NSE,EQ,EQ,buy,False,1.0,16050.0,605258482,1300000047926804,2025-07-10T13:15:16
PERSISTENT,INE262H01021,2025-07-11,NSE,EQ,EQ,buy,False,1.0,5580.0,400030150,1200000000244852,2025-07-11T09:15:02
FINPIPE,INE183A01024,2025-07-11,NSE,EQ,EQ,buy,False,48.0,207.29,200517696,1100000003809688,2025-07-11T09:21:17
BAJAJHFL,INE377Y01014,2025-07-11,NSE,EQ,EQ,buy,False,10.0,121.2,1839228,1000000017376979,2025-07-11T10:16:34
SARDAEN,INE385C01021,2025-07-11,NSE,EQ,EQ,sell,False,23.0,458.0,602276659,1300000019400619,2025-07-11T10:18:35
PERSISTENT,INE262H01021,2025-07-11,NSE,EQ,EQ,buy,False,1.0,5580.0,403015554,1200000021044875,2025-07-11T10:20:32
SOLARINDS,INE343H01029,2025-07-11,NSE,EQ,EQ,buy,False,1.0,15500.0,603663386,1300000028279543,2025-07-11T11:03:54
PNCINFRA,INE195J01029,2025-07-11,NSE,EQ,EQ,buy,False,10.0,299.9,403101268,1200000033581501,2025-07-11T11:14:47
IGIL,INE0Q9301021,2025-07-11,NSE,EQ,EQ,sell,False,11.0,385.0,204902878,1100000042175646,2025-07-11T12:04:24
IGIL,INE0Q9301021,2025-07-11,NSE,EQ,EQ,sell,False,4.0,385.0,204881290,1100000042175646,2025-07-11T12:04:24
IGIL,INE0Q9301021,2025-07-11,NSE,EQ,EQ,sell,False,3.0,385.0,204899849,1100000042175646,2025-07-11T12:04:24
IGIL,INE0Q9301021,2025-07-11,NSE,EQ,EQ,sell,False,1.0,385.0,204899855,1100000042175646,2025-07-11T12:04:24
IGIL,INE0Q9301021,2025-07-11,NSE,EQ,EQ,sell,False,1.0,385.0,204902891,1100000042175646,2025-07-11T12:04:24
IGIL,INE0Q9301021,2025-07-11,NSE,EQ,EQ,sell,False,8.0,385.0,204907245,1100000042175646,2025-07-11T12:04:24
PRICOLLTD,INE726V01018,2025-07-14,NSE,EQ,EQ,buy,False,21.0,455.85,400092017,1200000000522026,2025-07-14T09:15:25
DATAPATTNS,INE0IX101010,2025-07-14,NSE,EQ,EQ,buy,False,3.0,2829.3,200157294,1100000000809849,2025-07-14T09:15:35
DEEDEV,INE841L01016,2025-07-14,NSE,EQ,EQ,buy,False,2.0,294.65,200776198,1100000005858583,2025-07-14T09:24:53
DEEDEV,INE841L01016,2025-07-14,NSE,EQ,EQ,buy,False,1.0,294.7,200776199,1100000005858583,2025-07-14T09:24:53
DEEDEV,INE841L01016,2025-07-14,NSE,EQ,EQ,buy,False,1.0,294.7,200776200,1100000005858583,2025-07-14T09:24:53
DEEDEV,INE841L01016,2025-07-14,NSE,EQ,EQ,buy,False,15.0,294.7,200776201,1100000005858583,2025-07-14T09:24:53
DEEDEV,INE841L01016,2025-07-14,NSE,EQ,EQ,buy,False,14.0,294.65,200776197,1100000005858583,2025-07-14T09:24:53
ELECTCAST,INE086A01029,2025-07-14,BSE,EQ,A,buy,False,10.0,121.15,2757400,1752470869624480626,2025-07-14T11:39:57
INOXWIND,INE066P01011,2025-07-15,NSE,EQ,EQ,buy,False,58.0,165.0,207806230,1100000068480571,2025-07-15T14:54:50
ELECTCAST,INE086A01029,2025-07-16,BSE,EQ,A,buy,False,10.0,121.0,581100,1752636600042239340,2025-07-16T09:19:39
INOXWIND,INE066P01011,2025-07-16,NSE,EQ,EQ,buy,False,61.0,164.85,205593570,1100000052304277,2025-07-16T13:23:00
POLYPLEX,INE633B01018,2025-07-16,BSE,EQ,B,buy,False,10.0,1162.3,14549600,1752656581180931906,2025-07-16T15:09:33
POLYPLEX,INE633B01018,2025-07-16,BSE,EQ,B,buy,False,19.0,1162.35,14549800,1752656581180931906,2025-07-16T15:09:33
PNCINFRA,INE195J01029,2025-07-17,BSE,EQ,A,sell,False,10.0,322.75,6744800,1752726110070061694,2025-07-17T09:54:58
TATATECH,INE142M01025,2025-07-17,BSE,EQ,A,sell,False,5.0,730.3,1596700,1752725671070273350,2025-07-17T09:57:35
INOXWIND,INE066P01011,2025-07-17,BSE,EQ,A,sell,False,15.0,168.35,2220300,1752725205192978816,2025-07-17T10:16:46
AWFIS,INE108V01019,2025-07-17,BSE,EQ,B,sell,False,2.0,655.0,30796000,1752727034855586593,2025-07-17T10:18:43
AWFIS,INE108V01019,2025-07-17,BSE,EQ,B,sell,False,2.0,655.0,30808100,1752727034855586593,2025-07-17T10:18:43
AWFIS,INE108V01019,2025-07-17,BSE,EQ,B,sell,False,2.0,655.0,30808300,1752727034855586593,2025-07-17T10:18:43
AWFIS,INE108V01019,2025-07-17,BSE,EQ,B,sell,False,1.0,655.0,30800200,1752727034855586593,2025-07-17T10:18:43
AWFIS,INE108V01019,2025-07-17,BSE,EQ,B,sell,False,2.0,655.0,30807700,1752727034855586593,2025-07-17T10:18:43
AWFIS,INE108V01019,2025-07-17,BSE,EQ,B,sell,False,6.0,655.0,30807900,1752727034855586593,2025-07-17T10:18:43
LXCHEM,INE576O01020,2025-07-17,NSE,EQ,EQ,sell,False,60.0,201.78,402101797,1200000020969966,2025-07-17T10:22:20
GAEL,INE036B01030,2025-07-17,NSE,EQ,EQ,sell,False,3.0,114.09,202593049,1100000021932942,2025-07-17T10:33:42
GAEL,INE036B01030,2025-07-17,NSE,EQ,EQ,sell,False,11.0,114.14,202593047,1100000021932942,2025-07-17T10:33:42
GAEL,INE036B01030,2025-07-17,NSE,EQ,EQ,sell,False,36.0,114.13,202593048,1100000021932942,2025-07-17T10:33:42
POLYPLEX,INE633B01018,2025-07-17,NSE,EQ,EQ,sell,False,4.0,1140.2,402721147,1200000028415001,2025-07-17T11:00:44
POLYPLEX,INE633B01018,2025-07-17,NSE,EQ,EQ,sell,False,1.0,1140.2,402721146,1200000028415001,2025-07-17T11:00:44
VBL,INE200M01039,2025-07-18,NSE,EQ,EQ,sell,False,10.0,485.0,600163608,1300000001071435,2025-07-18T09:16:06
SOLARINDS,INE343H01029,2025-07-18,NSE,EQ,EQ,buy,False,1.0,15000.0,601989523,1300000014292800,2025-07-18T09:56:12
NAHARINDUS-BE,INE289A01011,2025-07-18,NSE,EQ,BE,sell,False,6.0,129.1,402034570,1200000020718758,2025-07-18T10:21:45
NAHARINDUS-BE,INE289A01011,2025-07-18,NSE,EQ,BE,sell,False,67.0,129.06,402034571,1200000020718758,2025-07-18T10:21:45
GAEL,INE036B01030,2025-07-18,NSE,EQ,EQ,buy,False,10.0,111.84,203127093,1100000026164697,2025-07-18T10:46:10
BAJAJHFL,INE377Y01014,2025-07-18,BSE,EQ,A,buy,False,10.0,121.85,3483900,1752814272778615700,2025-07-18T10:47:31
SHAILY,INE151G01028,2025-07-18,NSE,EQ,EQ,buy,False,1.0,1622.7,603185615,1300000026426927,2025-07-18T10:49:30
FINPIPE,INE183A01024,2025-07-21,BSE,EQ,A,sell,False,15.0,208.55,5149100,1753068600112010519,2025-07-21T09:15:19
PRICOLLTD,INE726V01018,2025-07-21,NSE,EQ,EQ,buy,False,22.0,445.0,402642032,1200000028697293,2025-07-21T10:50:34
MGL,INE002S01010,2025-07-21,NSE,EQ,EQ,buy,False,1.0,1507.1,403877600,1200000045695842,2025-07-21T12:18:03
MGL,INE002S01010,2025-07-21,NSE,EQ,EQ,buy,False,1.0,1507.0,403877596,1200000045695842,2025-07-21T12:18:03
MGL,INE002S01010,2025-07-21,NSE,EQ,EQ,buy,False,1.0,1507.0,403877597,1200000045695842,2025-07-21T12:18:03
MGL,INE002S01010,2025-07-21,NSE,EQ,EQ,buy,False,1.0,1507.0,403877598,1200000045695842,2025-07-21T12:18:03
MGL,INE002S01010,2025-07-21,NSE,EQ,EQ,buy,False,1.0,1507.0,403877599,1200000045695842,2025-07-21T12:18:03
MGL,INE002S01010,2025-07-21,NSE,EQ,EQ,buy,False,1.0,1507.2,403877601,1200000045695842,2025-07-21T12:18:03
CENTRALBK,INE483A01010,2025-07-21,NSE,EQ,EQ,buy,False,261.0,38.1,4545241,1000000050386719,2025-07-21T13:50:00
ZAGGLE,INE07K301024,2025-07-21,NSE,EQ,EQ,buy,False,24.0,405.0,606378100,1300000055366220,2025-07-21T13:59:46
SHAILY,INE151G01028,2025-07-22,BSE,EQ,A,sell,False,3.0,1665.35,139600,1753155000092017470,2025-07-22T09:17:08
VBL,INE200M01039,2025-07-22,NSE,EQ,EQ,sell,False,31.0,485.1,601964626,1300000015677045,2025-07-22T10:06:21
HGINFRA,INE926X01010,2025-07-22,BSE,EQ,A,sell,False,7.0,1091.35,1785500,1753158052062309956,2025-07-22T10:09:23
HGINFRA,INE926X01010,2025-07-22,BSE,EQ,A,sell,False,2.0,1091.4,1785200,1753158052062309956,2025-07-22T10:09:23
ITC,INE154A01025,2025-07-22,BSE,EQ,A,sell,False,10.0,416.0,8003900,1753172153482394305,2025-07-22T14:06:26
BAJAJHFL,INE377Y01014,2025-07-22,BSE,EQ,A,buy,False,10.0,121.6,9189000,1753175744094445825,2025-07-22T15:02:24
INFY,INE009A01021,2025-07-23,BSE,EQ,A,buy,False,2.0,1580.0,75700,1753241400005003457,2025-07-23T09:15:00
FINPIPE,INE183A01024,2025-07-23,NSE,EQ,EQ,buy,False,10.0,203.5,200475178,1100000000701196,2025-07-23T09:15:33
LODHA,INE670K01029,2025-07-23,BSE,EQ,A,buy,False,1.0,1357.1,1980600,1753241400004722822,2025-07-23T09:27:49
NCC,INE868B01028,2025-07-23,BSE,EQ,A,sell,False,20.0,225.0,2052500,1753243647716117190,2025-07-23T09:40:22
CAPITALSFB,INE646H01017,2025-07-23,BSE,EQ,B,sell,False,40.0,316.0,2275100,1753241400000691559,2025-07-23T10:13:48
PRICOLLTD,INE726V01018,2025-07-23,NSE,EQ,EQ,buy,False,23.0,430.55,403462624,1200000036914308,2025-07-23T11:31:20
GAEL,INE036B01030,2025-07-23,NSE,EQ,EQ,buy,False,30.0,111.5,204122101,1100000035020843,2025-07-23T11:54:14
AGARIND,INE204E01012,2025-07-23,NSE,EQ,EQ,sell,False,2.0,964.1,5226494,1000000055895387,2025-07-23T14:32:55
AGARIND,INE204E01012,2025-07-23,NSE,EQ,EQ,sell,False,4.0,964.1,5226495,1000000055895387,2025-07-23T14:32:55
AGARIND,INE204E01012,2025-07-23,NSE,EQ,EQ,sell,False,4.0,964.15,5226493,1000000055895387,2025-07-23T14:32:55
PERSISTENT,INE262H01021,2025-07-24,NSE,EQ,EQ,buy,False,3.0,5240.0,400861318,1200000000378873,2025-07-24T09:15:12
SHAILY,INE151G01028,2025-07-24,NSE,EQ,EQ,buy,False,1.0,1635.9,602876204,1300000025311200,2025-07-24T10:51:40
PNCINFRA,INE195J01029,2025-07-24,NSE,EQ,EQ,sell,False,10.0,312.1,402856209,1200000029690927,2025-07-24T10:58:13
AGARIND,INE204E01012,2025-07-24,NSE,EQ,EQ,sell,False,10.0,960.0,3971192,1000000044895052,2025-07-24T13:14:09
ELECTCAST,INE086A01029,2025-07-24,NSE,EQ,EQ,buy,False,20.0,117.41,205730602,1100000050735805,2025-07-24T13:15:47
AWFIS,INE108V01019,2025-07-24,NSE,EQ,EQ,buy,False,15.0,613.0,5264918,1000000058453687,2025-07-24T14:39:24
GOACARBON,INE426D01013,2025-07-24,NSE,EQ,EQ,sell,False,10.0,485.0,208827927,1100000072962847,2025-07-24T15:22:23
SHAILY,INE151G01028,2025-07-25,BSE,EQ,A,buy,False,1.0,1627.95,991400,1753414200158282872,2025-07-25T09:27:53
LUXIND,INE150G01020,2025-07-25,NSE,EQ,EQ,buy,False,2.0,1427.4,400747961,1200000000316237,2025-07-25T09:30:07
LUXIND,INE150G01020,2025-07-25,NSE,EQ,EQ,buy,False,2.0,1427.5,400747962,1200000000316237,2025-07-25T09:30:07
LUXIND,INE150G01020,2025-07-25,NSE,EQ,EQ,buy,False,2.0,1427.4,400747960,1200000000316237,2025-07-25T09:30:07
COALINDIA,INE522F01014,2025-07-25,NSE,EQ,EQ,sell,False,1.0,384.0,1050969,1000000008139047,2025-07-25T09:35:13
COALINDIA,INE522F01014,2025-07-25,NSE,EQ,EQ,sell,False,13.0,384.0,1050965,1000000008139047,2025-07-25T09:35:13
COALINDIA,INE522F01014,2025-07-25,NSE,EQ,EQ,sell,False,1.0,384.0,1050966,1000000008139047,2025-07-25T09:35:13
ONGC,INE213A01029,2025-07-25,NSE,EQ,EQ,buy,False,40.0,243.0,401439813,1200000011982340,2025-07-25T09:46:55
ITC,INE154A01025,2025-07-25,BSE,EQ,A,buy,False,10.0,408.6,2347700,1753417261259448678,2025-07-25T10:19:06
GAEL,INE036B01030,2025-07-25,NSE,EQ,EQ,buy,False,10.0,109.23,202539613,1100000020274989,2025-07-25T10:20:23
LODHA,INE670K01029,2025-07-25,BSE,EQ,A,buy,False,1.0,1311.4,2871600,1753417069751704557,2025-07-25T10:21:07
LODHA,INE670K01029,2025-07-25,NSE,EQ,EQ,buy,False,2.0,1293.1,402842948,1200000029621703,2025-07-25T11:01:04
FIVESTAR,INE128S01021,2025-07-25,NSE,EQ,EQ,buy,False,13.0,695.0,204314349,1100000035787335,2025-07-25T11:39:26
CENTRALBK,INE483A01010,2025-07-25,NSE,EQ,EQ,buy,False,262.0,37.0,3607864,1000000035017186,2025-07-25T11:54:01
ZAGGLE,INE07K301024,2025-07-25,NSE,EQ,EQ,buy,False,24.0,386.0,604172552,1300000038746005,2025-07-25T12:14:44
ITDC,INE353K01014,2025-07-25,NSE,EQ,EQ,buy,False,3.0,590.0,206460175,1100000055704283,2025-07-25T13:40:56
ITDC,INE353K01014,2025-07-25,NSE,EQ,EQ,buy,False,1.0,589.9,206460173,1100000055704283,2025-07-25T13:40:56
ITDC,INE353K01014,2025-07-25,NSE,EQ,EQ,buy,False,4.0,589.9,206460174,1100000055704283,2025-07-25T13:40:56
ITDC,INE353K01014,2025-07-25,NSE,EQ,EQ,buy,False,8.0,589.8,206460172,1100000055704283,2025-07-25T13:40:56
M&MFIN,INE774D01024,2025-07-25,NSE,EQ,EQ,buy,False,38.0,253.0,407378031,1200000080081421,2025-07-25T15:22:39
GOACARBON,INE426D01013,2025-07-28,BSE,EQ,B,buy,False,18.0,470.0,7133200,1753673400224056031,2025-07-28T09:15:00
GOACARBON,INE426D01013,2025-07-28,BSE,EQ,B,buy,False,3.0,470.0,7133000,1753673400224056031,2025-07-28T09:15:00
SAIL,INE114A01011,2025-07-28,NSE,EQ,EQ,buy,False,24.0,128.49,600048886,1300000000274282,2025-07-28T09:15:00
PRICOLLTD,INE726V01018,2025-07-28,BSE,EQ,A,sell,False,10.0,438.2,75500,1753673400268014161,2025-07-28T09:15:10
ZAGGLE,INE07K301024,2025-07-28,NSE,EQ,EQ,buy,False,26.0,375.0,600276289,1300000001186841,2025-07-28T09:16:22
LODHA,INE670K01029,2025-07-28,NSE,EQ,EQ,buy,False,9.0,1249.4,400279674,1200000001860097,2025-07-28T09:17:42
FINPIPE,INE183A01024,2025-07-28,NSE,EQ,EQ,sell,False,26.0,206.04,200356628,1100000002267132,2025-07-28T09:18:24
FINPIPE,INE183A01024,2025-07-28,NSE,EQ,EQ,sell,False,1.0,206.04,200356627,1100000002267132,2025-07-28T09:18:24
FINPIPE,INE183A01024,2025-07-28,NSE,EQ,EQ,sell,False,38.0,206.03,200356629,1100000002267132,2025-07-28T09:18:24
FINPIPE,INE183A01024,2025-07-28,NSE,EQ,EQ,sell,False,24.0,206.2,200356626,1100000002267132,2025-07-28T09:18:24
ITDC,INE353K01014,2025-07-28,NSE,EQ,EQ,sell,False,5.0,584.95,200477903,1100000003182890,2025-07-28T09:20:14
GOACARBON,INE426D01013,2025-07-28,NSE,EQ,EQ,sell,False,10.0,475.3,200508678,1100000003432141,2025-07-28T09:20:43
DEEDEV,INE841L01016,2025-07-28,BSE,EQ,B,sell,False,33.0,294.0,1064700,1753673400268014620,2025-07-28T09:21:53
M&MFIN,INE774D01024,2025-07-28,NSE,EQ,EQ,buy,False,39.0,248.0,403692119,1200000035529065,2025-07-28T11:13:16
NCC,INE868B01028,2025-07-28,NSE,EQ,EQ,buy,False,10.0,221.08,403986449,1200000040072024,2025-07-28T11:36:48
AZAD,INE02IJ01035,2025-07-28,NSE,EQ,EQ,buy,False,1.0,1504.9,4122197,1000000044004128,2025-07-28T12:47:12
AZAD,INE02IJ01035,2025-07-28,NSE,EQ,EQ,buy,False,5.0,1505.0,4122198,1000000044004128,2025-07-28T12:47:12
ONGC,INE213A01029,2025-07-28,NSE,EQ,EQ,buy,False,41.0,239.43,405386503,1200000056841683,2025-07-28T13:01:24
BBL,INE464A01036,2025-07-28,NSE,EQ,EQ,buy,False,3.0,2854.7,4736661,1000000050631047,2025-07-28T13:23:00
PNCINFRA,INE195J01029,2025-07-28,NSE,EQ,EQ,buy,False,2.0,298.85,405863239,1200000063156991,2025-07-28T13:32:54
PNCINFRA,INE195J01029,2025-07-28,NSE,EQ,EQ,buy,False,7.0,298.95,405863240,1200000063156991,2025-07-28T13:32:54
PNCINFRA,INE195J01029,2025-07-28,NSE,EQ,EQ,buy,False,1.0,298.85,405863238,1200000063156991,2025-07-28T13:32:54
SHAILY,INE151G01028,2025-07-28,NSE,EQ,EQ,buy,False,1.0,1558.9,606392595,1300000062363097,2025-07-28T13:36:56
LUXIND,INE150G01020,2025-07-28,NSE,EQ,EQ,buy,False,5.0,1390.0,406100965,1200000065697085,2025-07-28T13:45:10
LUXIND,INE150G01020,2025-07-28,NSE,EQ,EQ,buy,False,1.0,1390.0,406112282,1200000065697085,2025-07-28T13:45:10
LUXIND,INE150G01020,2025-07-28,NSE,EQ,EQ,buy,False,1.0,1390.0,406100604,1200000065697085,2025-07-28T13:45:10
ITC,INE154A01025,2025-07-28,NSE,EQ,EQ,sell,False,36.0,409.5,206376448,1100000062039746,2025-07-28T14:01:29
ITC,INE154A01025,2025-07-28,NSE,EQ,EQ,sell,False,10.0,409.55,206376447,1100000062039746,2025-07-28T14:01:29
PFC,INE134E01011,2025-07-28,NSE,EQ,EQ,buy,False,24.0,405.0,406576773,1200000069628220,2025-07-28T14:04:02
NCC,INE868B01028,2025-07-28,NSE,EQ,EQ,buy,False,47.0,215.75,407666217,1200000081228433,2025-07-28T15:01:21
JINDALSAW,INE324A01032,2025-07-28,NSE,EQ,EQ,buy,False,22.0,215.29,208567729,1100000077693780,2025-07-28T15:20:36
JINDALSAW,INE324A01032,2025-07-28,NSE,EQ,EQ,buy,False,23.0,215.29,208567730,1100000077693780,2025-07-28T15:20:36
SHAILY,INE151G01028,2025-07-29,BSE,EQ,A,buy,False,2.0,1575.0,32200,1753759800055018126,2025-07-29T09:15:03
PPLPHARMA,INE0DK501011,2025-07-29,NSE,EQ,EQ,buy,False,48.0,195.0,400467711,1200000004234228,2025-07-29T09:21:22
SAIL,INE114A01011,2025-07-29,BSE,EQ,A,sell,False,14.0,125.75,944100,1753759800054434356,2025-07-29T09:25:48
SAIL,INE114A01011,2025-07-29,BSE,EQ,A,sell,False,10.0,125.8,943900,1753759800054434356,2025-07-29T09:25:48
PNCINFRA,INE195J01029,2025-07-29,NSE,EQ,EQ,sell,False,19.0,308.95,400679619,1200000006219224,2025-07-29T09:26:09
PNCINFRA,INE195J01029,2025-07-29,NSE,EQ,EQ,sell,False,1.0,308.8,400679620,1200000006219224,2025-07-29T09:26:09
M&MFIN,INE774D01024,2025-07-29,NSE,EQ,EQ,sell,False,30.0,248.15,400709032,1200000006498857,2025-07-29T09:26:53
GOACARBON,INE426D01013,2025-07-29,BSE,EQ,B,buy,False,5.0,470.0,3437600,1753759800001562573,2025-07-29T09:45:28
GOACARBON,INE426D01013,2025-07-29,BSE,EQ,B,buy,False,8.0,470.0,3437200,1753759800001562573,2025-07-29T09:45:28
GOACARBON,INE426D01013,2025-07-29,BSE,EQ,B,buy,False,8.0,470.0,3437400,1753759800001562573,2025-07-29T09:45:28
ELECTCAST,INE086A01029,2025-07-29,BSE,EQ,A,buy,False,20.0,112.2,2616200,1753762015955965225,2025-07-29T10:12:31
AWFIS,INE108V01019,2025-07-29,NSE,EQ,EQ,buy,False,1.0,593.6,1721908,1000000019131498,2025-07-29T10:27:43
AWFIS,INE108V01019,2025-07-29,NSE,EQ,EQ,buy,False,15.0,593.65,1721909,1000000019131498,2025-07-29T10:27:43
LXCHEM,INE576O01020,2025-07-29,NSE,EQ,EQ,buy,False,33.0,189.8,402577819,1200000028212192,2025-07-29T10:42:15
LXCHEM,INE576O01020,2025-07-29,NSE,EQ,EQ,buy,False,19.0,189.8,402577820,1200000028212192,2025-07-29T10:42:15
STERTOOLS,INE334A01023,2025-07-29,NSE,EQ,EQ,buy,False,7.0,345.0,602955758,1300000026016142,2025-07-29T10:46:05
STERTOOLS,INE334A01023,2025-07-29,NSE,EQ,EQ,buy,False,5.0,345.0,602955756,1300000026016142,2025-07-29T10:46:05
STERTOOLS,INE334A01023,2025-07-29,NSE,EQ,EQ,buy,False,14.0,345.0,602955757,1300000026016142,2025-07-29T10:46:05
FINPIPE,INE183A01024,2025-07-29,NSE,EQ,EQ,buy,False,3.0,209.08,203605602,1100000033653424,2025-07-29T11:19:07
FINPIPE,INE183A01024,2025-07-29,NSE,EQ,EQ,buy,False,1.0,209.08,203605604,1100000033653424,2025-07-29T11:19:07
FINPIPE,INE183A01024,2025-07-29,NSE,EQ,EQ,buy,False,1.0,209.08,203605608,1100000033653424,2025-07-29T11:19:07
FINPIPE,INE183A01024,2025-07-29,NSE,EQ,EQ,buy,False,13.0,209.08,203605603,1100000033653424,2025-07-29T11:19:07
FINPIPE,INE183A01024,2025-07-29,NSE,EQ,EQ,buy,False,2.0,209.08,203605607,1100000033653424,2025-07-29T11:19:07
FINPIPE,INE183A01024,2025-07-29,NSE,EQ,EQ,buy,False,2.0,209.09,203605611,1100000033653424,2025-07-29T11:19:07
FINPIPE,INE183A01024,2025-07-29,NSE,EQ,EQ,buy,False,4.0,209.09,203605609,1100000033653424,2025-07-29T11:19:07
FINPIPE,INE183A01024,2025-07-29,NSE,EQ,EQ,buy,False,6.0,209.08,203605605,1100000033653424,2025-07-29T11:19:07
FINPIPE,INE183A01024,2025-07-29,NSE,EQ,EQ,buy,False,8.0,209.08,203605606,1100000033653424,2025-07-29T11:19:07
FINPIPE,INE183A01024,2025-07-29,NSE,EQ,EQ,buy,False,8.0,209.09,203605610,1100000033653424,2025-07-29T11:19:07
NCC,INE868B01028,2025-07-29,BSE,EQ,A,sell,False,20.0,222.8,5678300,1753776399822720216,2025-07-29T14:17:24
BAJAJHFL,INE377Y01014,2025-07-30,NSE,EQ,EQ,buy,False,30.0,116.54,70229,1000000000480133,2025-07-30T09:15:30
PNCINFRA,INE195J01029,2025-07-30,NSE,EQ,EQ,sell,False,50.0,316.75,400146816,1200000000994821,2025-07-30T09:16:16
PPLPHARMA,INE0DK501011,2025-07-30,BSE,EQ,A,sell,False,48.0,205.4,189100,1753846200027061632,2025-07-30T09:16:37
GOACARBON,INE426D01013,2025-07-30,BSE,EQ,B,sell,False,10.0,472.3,1098800,1753846200026054236,2025-07-30T09:20:54
LXCHEM,INE576O01020,2025-07-30,NSE,EQ,EQ,sell,False,52.0,201.0,401203291,1200000004925434,2025-07-30T09:25:32
ZAGGLE,INE07K301024,2025-07-30,BSE,EQ,A,sell,False,15.0,390.0,990400,1753846200027621996,2025-07-30T09:47:24
SHAILY,INE151G01028,2025-07-30,NSE,EQ,EQ,sell,False,4.0,1640.0,601665518,1300000012751606,2025-07-30T09:54:32
GAEL,INE036B01030,2025-07-30,NSE,EQ,EQ,sell,False,30.0,110.2,202805777,1100000024404465,2025-07-30T10:43:23
JSWENERGY,INE121E01018,2025-07-30,NSE,EQ,EQ,buy,False,19.0,527.65,203230995,1100000028953567,2025-07-30T11:07:51
BBL,INE464A01036,2025-07-30,NSE,EQ,EQ,buy,False,2.0,2950.0,2325553,1000000024666721,2025-07-30T11:10:57
BBL,INE464A01036,2025-07-30,NSE,EQ,EQ,buy,False,1.0,2949.9,2325552,1000000024666721,2025-07-30T11:10:57
AWFIS,INE108V01019,2025-07-30,NSE,EQ,EQ,buy,False,16.0,599.0,3709175,1000000041867597,2025-07-30T13:09:35
CMSINFO,INE925R01014,2025-07-30,NSE,EQ,EQ,buy,False,20.0,465.0,4244843,1000000045425377,2025-07-30T13:34:47
DATAPATTNS,INE0IX101010,2025-07-30,BSE,EQ,A,buy,False,1.0,2601.7,3589200,1753867675570243257,2025-07-30T15:12:34
AZAD,INE02IJ01035,2025-07-31,BSE,EQ,A,sell,False,1.0,1480.0,28300,1753932600149005120,2025-07-31T09:15:01
AZAD,INE02IJ01035,2025-07-31,BSE,EQ,A,sell,False,3.0,1480.0,28100,1753932600149005120,2025-07-31T09:15:01
AZAD,INE02IJ01035,2025-07-31,BSE,EQ,A,sell,False,2.0,1480.0,28500,1753932600149005120,2025-07-31T09:15:01
ITDC,INE353K01014,2025-07-31,BSE,EQ,B,sell,False,5.0,590.0,1310400,1753932600029082030,2025-07-31T09:15:03
ITDC,INE353K01014,2025-07-31,BSE,EQ,B,sell,False,1.0,590.0,1310600,1753932600029082030,2025-07-31T09:15:03
ITDC,INE353K01014,2025-07-31,BSE,EQ,B,sell,False,4.0,590.0,1310800,1753932600029082030,2025-07-31T09:15:03
NCC,INE868B01028,2025-07-31,BSE,EQ,A,sell,False,20.0,219.0,119000,1753932600149010442,2025-07-31T09:15:09
NCC,INE868B01028,2025-07-31,NSE,EQ,EQ,sell,False,20.0,219.35,400069271,1200000000381062,2025-07-31T09:15:12
LXCHEM,INE576O01020,2025-07-31,NSE,EQ,EQ,buy,False,28.0,195.0,400139245,1200000000653979,2025-07-31T09:15:37
LXCHEM,INE576O01020,2025-07-31,NSE,EQ,EQ,buy,False,22.0,195.0,400135616,1200000000653979,2025-07-31T09:15:37
CENTRALBK,INE483A01010,2025-07-31,NSE,EQ,EQ,buy,False,271.0,36.0,197789,1000000001014539,2025-07-31T09:16:33
GOACARBON,INE426D01013,2025-07-31,NSE,EQ,EQ,sell,False,10.0,477.05,200472620,1100000002565032,2025-07-31T09:18:30
AWFIS,INE108V01019,2025-07-31,NSE,EQ,EQ,sell,False,9.0,597.8,339754,1000000001972283,2025-07-31T09:18:52
AWFIS,INE108V01019,2025-07-31,NSE,EQ,EQ,sell,False,1.0,598.0,339753,1000000001972283,2025-07-31T09:18:52
INDUSTOWER,INE121J01017,2025-07-31,NSE,EQ,EQ,buy,False,25.0,364.45,200584596,1100000003283925,2025-07-31T09:19:56
FIVESTAR,INE128S01021,2025-07-31,BSE,EQ,A,buy,False,1.0,619.2,1830600,1753932600145451654,2025-07-31T09:25:18
FIVESTAR,INE128S01021,2025-07-31,BSE,EQ,A,buy,False,3.0,619.15,1830400,1753932600145451654,2025-07-31T09:25:18
FIVESTAR,INE128S01021,2025-07-31,BSE,EQ,A,buy,False,3.0,619.4,1830800,1753932600145451654,2025-07-31T09:25:18
FIVESTAR,INE128S01021,2025-07-31,BSE,EQ,A,buy,False,3.0,619.1,1830200,1753932600145451654,2025-07-31T09:25:18
WIPRO,INE075A01022,2025-07-31,NSE,EQ,EQ,buy,False,40.0,247.0,602032982,1300000011658266,2025-07-31T09:47:59
GOACARBON,INE426D01013,2025-07-31,NSE,EQ,EQ,sell,False,3.0,503.5,204050590,1100000032721911,2025-07-31T11:06:36
GOACARBON,INE426D01013,2025-07-31,NSE,EQ,EQ,sell,False,1.0,503.7,204050589,1100000032721911,2025-07-31T11:06:36
GOACARBON,INE426D01013,2025-07-31,NSE,EQ,EQ,sell,False,35.0,503.45,204050592,1100000032721911,2025-07-31T11:06:36
GOACARBON,INE426D01013,2025-07-31,NSE,EQ,EQ,sell,False,3.0,503.5,204050591,1100000032721911,2025-07-31T11:06:36
LODHA,INE670K01029,2025-07-31,BSE,EQ,A,buy,False,2.0,1250.1,6581200,1753946488371143303,2025-07-31T12:58:58
NAHARINDUS-T,INE289A01011,2025-07-31,BSE,EQ,T,buy,False,76.0,123.0,6057900,1753932600001130041,2025-07-31T13:11:33
INFY,INE009A01021,2025-07-31,BSE,EQ,A,buy,False,2.0,1524.9,7374500,1753950776881096376,2025-07-31T14:06:59
GOACARBON,INE426D01013,2025-07-31,BSE,EQ,B,buy,False,20.0,493.0,13955700,1753954842204001119,2025-07-31T15:10:50
PPLPHARMA,INE0DK501011,2025-08-01,NSE,EQ,EQ,buy,False,49.0,195.0,400500145,1200000003226573,2025-08-01T09:21:15
INOXWIND,INE066P01011,2025-08-01,BSE,EQ,A,buy,False,10.0,155.0,613300,1754019000011219630,2025-08-01T09:21:50
INOXWIND,INE066P01011,2025-08-01,BSE,EQ,A,buy,False,10.0,154.95,613100,1754019000011219630,2025-08-01T09:21:50
DEEDEV,INE841L01016,2025-08-01,NSE,EQ,EQ,buy,False,35.0,284.2,200747373,1100000004761201,2025-08-01T09:23:41
PRICOLLTD,INE726V01018,2025-08-01,NSE,EQ,EQ,sell,False,56.0,470.6,400777873,1200000006749074,2025-08-01T09:30:48
LXCHEM,INE576O01020,2025-08-01,BSE,EQ,A,sell,False,29.0,206.05,2774900,1754019000011897081,2025-08-01T09:31:07
LXCHEM,INE576O01020,2025-08-01,BSE,EQ,A,sell,False,1.0,206.1,2774700,1754019000011897081,2025-08-01T09:31:07
LXCHEM,INE576O01020,2025-08-01,BSE,EQ,A,sell,False,20.0,206.0,2775100,1754019000011897081,2025-08-01T09:31:07
GOACARBON,INE426D01013,2025-08-01,NSE,EQ,EQ,sell,False,20.0,487.95,201024887,1100000008091967,2025-08-01T09:32:29
M&MFIN,INE774D01024,2025-08-01,NSE,EQ,EQ,sell,False,47.0,260.7,400971676,1200000008809229,2025-08-01T09:36:26
SHAILY,INE151G01028,2025-08-01,NSE,EQ,EQ,buy,False,1.0,1597.2,601289605,1300000010006632,2025-08-01T09:40:41
GAEL,INE036B01030,2025-08-01,NSE,EQ,EQ,buy,False,10.0,110.2,201545078,1100000012921779,2025-08-01T09:48:01
CMSINFO,INE925R01014,2025-08-01,NSE,EQ,EQ,buy,False,21.0,455.0,1156970,1000000010642902,2025-08-01T09:48:06
COALINDIA,INE522F01014,2025-08-01,BSE,EQ,A,buy,False,10.0,378.5,2502200,1754020982397875000,2025-08-01T09:49:13
GOACARBON,INE426D01013,2025-08-01,BSE,EQ,B,buy,False,15.0,485.0,3265000,1754021324096897660,2025-08-01T10:14:04
GOACARBON,INE426D01013,2025-08-01,BSE,EQ,B,buy,False,5.0,485.0,3234000,1754021324096897660,2025-08-01T10:14:04
BMW,INE374E01021,2025-08-01,BSE,EQ,B,buy,False,181.0,48.0,3473800,1754019000000116764,2025-08-01T10:25:55
ZAGGLE,INE07K301024,2025-08-01,NSE,EQ,EQ,sell,False,7.0,379.5,603164916,1300000027736034,2025-08-01T11:01:26
ZAGGLE,INE07K301024,2025-08-01,NSE,EQ,EQ,sell,False,3.0,379.55,603164915,1300000027736034,2025-08-01T11:01:26
TORNTPOWER,INE813H01021,2025-08-01,NSE,EQ,EQ,buy,False,7.0,1306.0,603446674,1300000030548150,2025-08-01T11:16:25
NAHARINDUS-T,INE289A01011,2025-08-01,BSE,EQ,T,buy,False,80.0,123.0,6002900,1754019000001078052,2025-08-01T12:00:28
GOACARBON,INE426D01013,2025-08-01,BSE,EQ,B,sell,False,12.0,483.25,6611200,1754030861075654296,2025-08-01T13:12:51
GOACARBON,INE426D01013,2025-08-01,BSE,EQ,B,sell,False,1.0,483.2,6611400,1754030861075654296,2025-08-01T13:12:51
GOACARBON,INE426D01013,2025-08-01,BSE,EQ,B,sell,False,7.0,483.1,6611600,1754030861075654296,2025-08-01T13:12:51
NCC,INE868B01028,2025-08-01,NSE,EQ,EQ,buy,False,46.0,215.75,406444788,1200000069041438,2025-08-01T14:31:26
JSWENERGY,INE121E01018,2025-08-01,NSE,EQ,EQ,buy,False,19.0,509.65,207962284,1100000070565658,2025-08-01T15:02:11
MGL,INE002S01010,2025-08-04,BSE,EQ,A,buy,False,2.0,1344.45,77300,1754278200047009174,2025-08-04T09:15:02
LXCHEM,INE576O01020,2025-08-04,NSE,EQ,EQ,buy,False,51.0,195.0,400043025,1200000000249170,2025-08-04T09:15:03
AZAD,INE02IJ01035,2025-08-04,NSE,EQ,EQ,buy,False,6.0,1458.1,48116,1000000000232140,2025-08-04T09:15:04
INDUSTOWER,INE121J01017,2025-08-04,NSE,EQ,EQ,buy,False,27.0,345.7,200073359,1100000000370138,2025-08-04T09:15:06
SHAILY,INE151G01028,2025-08-04,NSE,EQ,EQ,sell,False,5.0,1653.7,600179816,1300000000912553,2025-08-04T09:15:51
ITDC,INE353K01014,2025-08-04,NSE,EQ,EQ,buy,False,17.0,575.0,200323438,1100000001068441,2025-08-04T09:16:04
BMW,INE374E01021,2025-08-04,BSE,EQ,B,sell,False,181.0,47.63,331800,1754278200001042246,2025-08-04T09:16:32
BBL,INE464A01036,2025-08-04,NSE,EQ,EQ,sell,False,2.0,2909.9,204930,1000000001409650,2025-08-04T09:17:17
JSWENERGY,INE121E01018,2025-08-04,NSE,EQ,EQ,sell,False,38.0,522.85,200456530,1100000002974224,2025-08-04T09:19:08
PPLPHARMA,INE0DK501011,2025-08-04,NSE,EQ,EQ,buy,False,52.0,189.95,400473810,1200000002880367,2025-08-04T09:19:43
SHAILY,INE151G01028,2025-08-04,NSE,EQ,EQ,sell,False,12.0,1642.0,600664787,1300000004283199,2025-08-04T09:22:17
ELECTCAST,INE086A01029,2025-08-04,BSE,EQ,A,buy,False,20.0,109.0,945600,1754278200006471025,2025-08-04T09:31:32
NCC,INE868B01028,2025-08-04,BSE,EQ,A,sell,False,30.0,217.05,1352400,1754278200006706152,2025-08-04T09:32:39
TORNTPOWER,INE813H01021,2025-08-04,NSE,EQ,EQ,buy,False,7.0,1280.0,602939011,1300000012346410,2025-08-04T09:45:13
TCS,INE467B01029,2025-08-04,NSE,EQ,EQ,buy,False,3.0,3015.7,602925045,1300000025153338,2025-08-04T10:39:51
CMSINFO,INE925R01014,2025-08-04,NSE,EQ,EQ,sell,False,10.0,449.2,3214980,1000000037145542,2025-08-04T12:16:51
CENTRALBK,INE483A01010,2025-08-04,BSE,EQ,A,sell,False,150.0,35.91,5187300,1754288106355520406,2025-08-04T12:18:34
ONGC,INE213A01029,2025-08-04,BSE,EQ,A,sell,False,15.0,234.7,3602300,1754287969156884013,2025-08-04T12:20:12
STERTOOLS,INE334A01023,2025-08-04,NSE,EQ,EQ,buy,False,29.0,331.0,606470299,1300000059376246,2025-08-04T14:09:59
DATAPATTNS,INE0IX101010,2025-08-04,NSE,EQ,EQ,sell,False,1.0,2705.0,207645569,1100000066251010,2025-08-04T14:38:54
FINPIPE,INE183A01024,2025-08-04,NSE,EQ,EQ,buy,False,4.0,198.35,208623597,1100000072130861,2025-08-04T15:12:00
FINPIPE,INE183A01024,2025-08-04,NSE,EQ,EQ,buy,False,3.0,198.35,208623595,1100000072130861,2025-08-04T15:12:00
FINPIPE,INE183A01024,2025-08-04,NSE,EQ,EQ,buy,False,27.0,198.35,208623598,1100000072130861,2025-08-04T15:12:00
FINPIPE,INE183A01024,2025-08-04,NSE,EQ,EQ,buy,False,15.0,198.35,208623596,1100000072130861,2025-08-04T15:12:00
FINPIPE,INE183A01024,2025-08-05,NSE,EQ,EQ,buy,False,51.0,198.45,200436508,1100000002022606,2025-08-05T09:17:53
AZAD,INE02IJ01035,2025-08-05,BSE,EQ,A,sell,False,1.0,1592.6,848900,1754364600024401217,2025-08-05T09:25:31
AZAD,INE02IJ01035,2025-08-05,BSE,EQ,A,sell,False,3.0,1592.2,849300,1754364600024401217,2025-08-05T09:25:31
AZAD,INE02IJ01035,2025-08-05,BSE,EQ,A,sell,False,2.0,1592.25,849100,1754364600024401217,2025-08-05T09:25:31
ZAGGLE,INE07K301024,2025-08-05,NSE,EQ,EQ,sell,False,10.0,379.4,600896144,1300000007068804,2025-08-05T09:32:29
AWFIS,INE108V01019,2025-08-05,BSE,EQ,B,sell,False,10.0,591.05,2968700,1754366303812213318,2025-08-05T09:34:14
ITC,INE154A01025,2025-08-05,BSE,EQ,A,buy,False,24.0,415.3,1966600,1754366361961231256,2025-08-05T09:36:23
PFC,INE134E01011,2025-08-05,BSE,EQ,A,sell,False,24.0,413.0,883600,1754364600024622707,2025-08-05T09:41:48
ITDC,INE353K01014,2025-08-05,NSE,EQ,EQ,buy,False,18.0,570.0,204368130,1100000026863733,2025-08-05T10:56:01
POLYPLEX,INE633B01018,2025-08-05,BSE,EQ,B,sell,False,20.0,1171.0,3737700,1754368466572718239,2025-08-05T10:59:38
NCC,INE868B01028,2025-08-05,NSE,EQ,EQ,buy,False,46.0,213.68,402844064,1200000032215816,2025-08-05T11:15:17
NCC,INE868B01028,2025-08-05,NSE,EQ,EQ,buy,False,1.0,213.68,402844063,1200000032215816,2025-08-05T11:15:17
NAHARINDUS-T,INE289A01011,2025-08-05,BSE,EQ,T,buy,False,85.0,118.9,4312300,1754364600000047033,2025-08-05T13:29:28
ITC,INE154A01025,2025-08-06,NSE,EQ,EQ,sell,False,24.0,414.1,200082557,1100000000530228,2025-08-06T09:15:23
AGARIND,INE204E01012,2025-08-06,NSE,EQ,EQ,buy,False,31.0,950.4,88101,1000000000483156,2025-08-06T09:15:24
MGL,INE002S01010,2025-08-06,NSE,EQ,EQ,buy,False,1.0,1304.4,400116398,1200000000748843,2025-08-06T09:15:54
MGL,INE002S01010,2025-08-06,BSE,EQ,A,buy,False,2.0,1302.7,919600,1754451000057062846,2025-08-06T09:15:59
PPLPHARMA,INE0DK501011,2025-08-06,BSE,EQ,A,sell,False,50.0,192.05,133500,1754451000006061389,2025-08-06T09:16:45
AGARIND,INE204E01012,2025-08-06,NSE,EQ,EQ,sell,False,3.0,945.65,197650,1000000001314043,2025-08-06T09:16:56
AGARIND,INE204E01012,2025-08-06,NSE,EQ,EQ,sell,False,1.0,946.05,197646,1000000001314043,2025-08-06T09:16:56
AGARIND,INE204E01012,2025-08-06,NSE,EQ,EQ,sell,False,13.0,945.85,197647,1000000001314043,2025-08-06T09:16:56
AGARIND,INE204E01012,2025-08-06,NSE,EQ,EQ,sell,False,3.0,945.65,197649,1000000001314043,2025-08-06T09:16:56
AGARIND,INE204E01012,2025-08-06,NSE,EQ,EQ,sell,False,5.0,945.75,197648,1000000001314043,2025-08-06T09:16:56
AGARIND,INE204E01012,2025-08-06,NSE,EQ,EQ,sell,False,6.0,945.5,197651,1000000001314043,2025-08-06T09:16:56
NCC,INE868B01028,2025-08-06,BSE,EQ,A,sell,False,40.0,217.0,2423400,1754452912001192719,2025-08-06T09:36:00
BBL,INE464A01036,2025-08-06,NSE,EQ,EQ,buy,False,4.0,2855.0,1070818,1000000009322174,2025-08-06T09:40:13
IGIL,INE0Q9301021,2025-08-06,NSE,EQ,EQ,buy,False,26.0,363.0,201568632,1100000012601153,2025-08-06T09:50:40
M&MFIN,INE774D01024,2025-08-06,NSE,EQ,EQ,buy,False,38.0,253.0,406587822,1200000033373611,2025-08-06T11:21:51
WELSPUNLIV,INE192B01031,2025-08-06,NSE,EQ,EQ,buy,False,82.0,118.0,604008114,1300000032714901,2025-08-06T11:31:28
IGIL,INE0Q9301021,2025-08-07,NSE,EQ,EQ,sell,False,26.0,363.0,201648268,1100000013556467,2025-08-07T09:50:05
TCS,INE467B01029,2025-08-07,NSE,EQ,EQ,sell,False,3.0,3015.9,602560670,1300000023012948,2025-08-07T10:30:16
ITC,INE154A01025,2025-08-08,BSE,EQ,A,buy,False,24.0,414.5,39900,1754623800088020177,2025-08-08T09:15:01
NCC,INE868B01028,2025-08-08,NSE,EQ,EQ,sell,False,85.0,222.5,400250559,1200000001731780,2025-08-08T09:17:46
WELSPUNLIV,INE192B01031,2025-08-08,NSE,EQ,EQ,sell,False,82.0,118.54,600312443,1300000002184190,2025-08-08T09:18:39
INOXWI-RE-BE,INE066P20011,2025-08-08,NSE,EQ,BE,sell,False,10.0,25.59,200424112,1100000003098149,2025-08-08T09:20:18
LXCHEM,INE576O01020,2025-08-08,NSE,EQ,EQ,buy,False,1.0,187.66,400656179,1200000005560939,2025-08-08T09:26:46
LXCHEM,INE576O01020,2025-08-08,NSE,EQ,EQ,buy,False,2.0,187.7,400656183,1200000005560939,2025-08-08T09:26:46
LXCHEM,INE576O01020,2025-08-08,NSE,EQ,EQ,buy,False,37.0,187.7,400656182,1200000005560939,2025-08-08T09:26:46
LXCHEM,INE576O01020,2025-08-08,NSE,EQ,EQ,buy,False,6.0,187.68,400656180,1200000005560939,2025-08-08T09:26:46
LXCHEM,INE576O01020,2025-08-08,NSE,EQ,EQ,buy,False,8.0,187.69,400656181,1200000005560939,2025-08-08T09:26:46
SHAILY,INE151G01028,2025-08-08,NSE,EQ,EQ,buy,False,6.0,1579.5,601297048,1300000009967758,2025-08-08T09:45:25
CENTRALBK,INE483A01010,2025-08-08,BSE,EQ,A,buy,False,50.0,35.53,3381000,1754629575838290482,2025-08-08T10:59:06
AWFIS,INE108V01019,2025-08-11,NSE,EQ,EQ,buy,False,19.0,559.95,79996,1000000000452307,2025-08-11T09:15:29
WIPRO,INE075A01022,2025-08-11,NSE,EQ,EQ,buy,False,41.0,239.87,600165926,1300000000823806,2025-08-11T09:15:59
SHAILY,INE151G01028,2025-08-11,NSE,EQ,EQ,sell,False,4.0,1631.2,600365040,1300000002111760,2025-08-11T09:18:45
SHAILY,INE151G01028,2025-08-11,NSE,EQ,EQ,sell,False,1.0,1632.5,600365039,1300000002111760,2025-08-11T09:18:45
SHAILY,INE151G01028,2025-08-11,NSE,EQ,EQ,sell,False,1.0,1632.6,600365038,1300000002111760,2025-08-11T09:18:45
GAEL,INE036B01030,2025-08-11,NSE,EQ,EQ,buy,False,10.0,103.42,200707433,1100000004814192,2025-08-11T09:24:41
LODHA,INE670K01029,2025-08-11,BSE,EQ,A,buy,False,2.0,1212.3,1855800,1754883000011569586,2025-08-11T09:25:37
JSWENERGY,INE121E01018,2025-08-11,NSE,EQ,EQ,buy,False,19.0,530.0,202081251,1100000015764317,2025-08-11T10:01:38
DEEDEV,INE841L01016,2025-08-11,NSE,EQ,EQ,sell,False,35.0,298.4,206795609,1100000060753390,2025-08-11T14:00:40
LXCHEM,INE576O01020,2025-08-11,NSE,EQ,EQ,buy,False,1.0,184.8,406435424,1200000068717114,2025-08-11T14:50:32
LXCHEM,INE576O01020,2025-08-11,NSE,EQ,EQ,buy,False,1.0,184.8,406435426,1200000068717114,2025-08-11T14:50:32
LXCHEM,INE576O01020,2025-08-11,NSE,EQ,EQ,buy,False,25.0,184.81,406435428,1200000068717114,2025-08-11T14:50:32
LXCHEM,INE576O01020,2025-08-11,NSE,EQ,EQ,buy,False,5.0,184.8,406435420,1200000068717114,2025-08-11T14:50:32
LXCHEM,INE576O01020,2025-08-11,NSE,EQ,EQ,buy,False,5.0,184.8,406435423,1200000068717114,2025-08-11T14:50:32
LXCHEM,INE576O01020,2025-08-11,NSE,EQ,EQ,buy,False,5.0,184.8,406435425,1200000068717114,2025-08-11T14:50:32
LXCHEM,INE576O01020,2025-08-11,NSE,EQ,EQ,buy,False,1.0,184.8,406435419,1200000068717114,2025-08-11T14:50:32
LXCHEM,INE576O01020,2025-08-11,NSE,EQ,EQ,buy,False,1.0,184.8,406435422,1200000068717114,2025-08-11T14:50:32
LXCHEM,INE576O01020,2025-08-11,NSE,EQ,EQ,buy,False,10.0,184.8,406435427,1200000068717114,2025-08-11T14:50:32
LXCHEM,INE576O01020,2025-08-11,NSE,EQ,EQ,buy,False,1.0,184.8,406435421,1200000068717114,2025-08-11T14:50:32
IGPL,INE204A01010,2025-08-12,NSE,EQ,EQ,buy,False,21.0,434.0,200072474,1100000000498192,2025-08-12T09:15:17
AWFIS,INE108V01019,2025-08-12,BSE,EQ,B,sell,False,20.0,617.0,4298500,1754969400000959182,2025-08-12T09:34:03
STERTOOLS,INE334A01023,2025-08-12,NSE,EQ,EQ,buy,False,17.0,309.55,601601327,1300000007721787,2025-08-12T09:34:45
STERTOOLS,INE334A01023,2025-08-12,NSE,EQ,EQ,buy,False,16.0,309.55,601608297,1300000007721787,2025-08-12T09:34:45
TORNTPOWER,INE813H01021,2025-08-12,BSE,EQ,A,sell,False,6.0,1352.3,4470200,1754979140972690696,2025-08-12T12:25:00
TORNTPOWER,INE813H01021,2025-08-12,BSE,EQ,A,sell,False,2.0,1352.4,4469600,1754979140972690696,2025-08-12T12:25:00
TORNTPOWER,INE813H01021,2025-08-12,BSE,EQ,A,sell,False,2.0,1352.45,4469400,1754979140972690696,2025-08-12T12:25:00
TORNTPOWER,INE813H01021,2025-08-12,BSE,EQ,A,sell,False,4.0,1352.35,4469900,1754979140972690696,2025-08-12T12:25:00
LXCHEM,INE576O01020,2025-08-12,NSE,EQ,EQ,sell,False,3.0,183.78,403612728,1200000043226744,2025-08-12T12:29:57
LXCHEM,INE576O01020,2025-08-12,NSE,EQ,EQ,sell,False,26.0,183.77,403612730,1200000043226744,2025-08-12T12:29:57
LXCHEM,INE576O01020,2025-08-12,NSE,EQ,EQ,sell,False,1.0,183.77,403612729,1200000043226744,2025-08-12T12:29:57
PPLPHARMA,INE0DK501011,2025-08-12,NSE,EQ,EQ,buy,False,36.0,189.93,403682403,1200000043898108,2025-08-12T12:35:09
PPLPHARMA,INE0DK501011,2025-08-12,NSE,EQ,EQ,buy,False,16.0,189.93,403682404,1200000043898108,2025-08-12T12:35:09
JINDALSAW,INE324A01032,2025-08-12,NSE,EQ,EQ,buy,False,49.0,200.39,204859656,1100000041814291,2025-08-12T12:42:28
LXCHEM,INE576O01020,2025-08-13,BSE,EQ,A,sell,False,27.0,186.65,5913200,1755062537745748666,2025-08-13T11:33:33
LXCHEM,INE576O01020,2025-08-13,BSE,EQ,A,sell,False,3.0,186.6,5913400,1755062537745748666,2025-08-13T11:33:33
BBL,INE464A01036,2025-08-13,BSE,EQ,A,sell,False,2.0,2822.85,3029300,1755061844271928536,2025-08-13T11:35:18
WIPRO,INE075A01022,2025-08-13,NSE,EQ,EQ,sell,False,20.0,241.09,603622759,1300000029314586,2025-08-13T11:36:26
ZAGGLE,INE07K301024,2025-08-13,BSE,EQ,A,sell,False,9.0,371.0,2932900,1755063346822265173,2025-08-13T11:37:33
ZAGGLE,INE07K301024,2025-08-13,BSE,EQ,A,sell,False,5.0,371.05,2932700,1755063346822265173,2025-08-13T11:37:33
ZAGGLE,INE07K301024,2025-08-13,BSE,EQ,A,sell,False,1.0,371.15,2932500,1755063346822265173,2025-08-13T11:37:33
LXCHEM,INE576O01020,2025-08-13,NSE,EQ,EQ,buy,False,54.0,185.0,403838952,1200000038358881,2025-08-13T12:14:42
AMJLAND,INE606A01024,2025-08-13,NSE,EQ,EQ,buy,False,29.0,54.05,5011348,1000000035023613,2025-08-13T12:47:11
AMJLAND,INE606A01024,2025-08-13,NSE,EQ,EQ,buy,False,10.0,54.05,4997023,1000000035023613,2025-08-13T12:47:11
AMJLAND,INE606A01024,2025-08-13,NSE,EQ,EQ,buy,False,11.0,54.05,4997022,1000000035023613,2025-08-13T12:47:11
AMJLAND,INE606A01024,2025-08-13,NSE,EQ,EQ,buy,False,60.0,54.05,4997024,1000000035023613,2025-08-13T12:47:11
AMJLAND,INE606A01024,2025-08-13,NSE,EQ,EQ,buy,False,75.0,54.05,3626368,1000000035023613,2025-08-13T12:47:11
DEEDEV,INE841L01016,2025-08-13,NSE,EQ,EQ,buy,False,35.0,286.25,207008894,1100000063312204,2025-08-13T14:19:45
AWFIS,INE108V01019,2025-08-14,BSE,EQ,B,sell,False,25.0,578.45,1674700,1755142200000529089,2025-08-14T09:22:14
AWFIS,INE108V01019,2025-08-14,BSE,EQ,B,sell,False,1.0,578.55,1674500,1755142200000529089,2025-08-14T09:22:14
ZAGGLE,INE07K301024,2025-08-14,NSE,EQ,EQ,buy,False,27.0,359.0,602788647,1300000023693368,2025-08-14T11:14:17
ZAGGLE,INE07K301024,2025-08-14,NSE,EQ,EQ,sell,False,1.0,367.15,606168397,1300000052086755,2025-08-14T15:06:55
ZAGGLE,INE07K301024,2025-08-14,NSE,EQ,EQ,sell,False,10.0,367.2,606168396,1300000052086755,2025-08-14T15:06:55
ZAGGLE,INE07K301024,2025-08-14,NSE,EQ,EQ,sell,False,16.0,367.15,606168398,1300000052086755,2025-08-14T15:06:55
AWFIS,INE108V01019,2025-08-14,NSE,EQ,EQ,buy,False,11.0,559.75,5550392,1000000054456331,2025-08-14T15:15:46
AWFIS,INE108V01019,2025-08-14,NSE,EQ,EQ,buy,False,7.0,559.65,5550391,1000000054456331,2025-08-14T15:15:46
WIPRO,INE075A01022,2025-08-18,NSE,EQ,EQ,sell,False,12.0,246.9,600393930,1300000001996537,2025-08-18T09:17:43
WIPRO,INE075A01022,2025-08-18,NSE,EQ,EQ,sell,False,25.0,246.9,600393931,1300000001996537,2025-08-18T09:17:43
WIPRO,INE075A01022,2025-08-18,NSE,EQ,EQ,sell,False,23.0,246.9,600393929,1300000001996537,2025-08-18T09:17:43
WIPRO,INE075A01022,2025-08-18,NSE,EQ,EQ,sell,False,1.0,246.9,600393932,1300000001996537,2025-08-18T09:17:43
M&MFIN,INE774D01024,2025-08-18,BSE,EQ,A,sell,False,38.0,260.5,297700,1755487800010112154,2025-08-18T09:18:33
ITC,INE154A01025,2025-08-18,BSE,EQ,A,buy,False,72.0,409.0,1240000,1755487800005286219,2025-08-18T09:25:13
ZAGGLE,INE07K301024,2025-08-18,BSE,EQ,A,sell,False,19.0,392.45,1372100,1755487800005559092,2025-08-18T09:38:30
ZAGGLE,INE07K301024,2025-08-18,BSE,EQ,A,sell,False,5.0,392.4,1372300,1755487800005559092,2025-08-18T09:38:30
COALINDIA,INE522F01014,2025-08-18,NSE,EQ,EQ,sell,False,20.0,385.7,1959475,1000000015940345,2025-08-18T10:10:58
ELECTCAST,INE086A01029,2025-08-18,BSE,EQ,A,buy,False,20.0,102.0,2140200,1755491316549247852,2025-08-18T10:16:35
FINPIPE,INE183A01024,2025-08-18,NSE,EQ,EQ,sell,False,4.0,195.85,203427123,1100000024607978,2025-08-18T10:32:07
FINPIPE,INE183A01024,2025-08-18,NSE,EQ,EQ,sell,False,16.0,195.85,203427124,1100000024607978,2025-08-18T10:32:07
LXCHEM,INE576O01020,2025-08-18,NSE,EQ,EQ,sell,False,20.0,186.32,402591093,1200000021600114,2025-08-18T10:35:09
AWFIS,INE108V01019,2025-08-19,BSE,EQ,B,sell,False,18.0,584.5,515100,1755574200218251066,2025-08-19T09:16:57
LXCHEM,INE576O01020,2025-08-19,NSE,EQ,EQ,sell,False,73.0,229.76,400221668,1200000001688372,2025-08-19T09:17:58
LXCHEM,INE576O01020,2025-08-19,NSE,EQ,EQ,sell,False,61.0,229.79,400221667,1200000001688372,2025-08-19T09:17:58
BMW,INE374E01021,2025-08-19,BSE,EQ,B,buy,False,95.0,47.95,1839000,1755574200001021301,2025-08-19T09:20:49
BMW,INE374E01021,2025-08-19,BSE,EQ,B,buy,False,12.0,47.95,1941400,1755574200001021301,2025-08-19T09:20:49
BMW,INE374E01021,2025-08-19,BSE,EQ,B,buy,False,200.0,47.95,1314500,1755574200001021301,2025-08-19T09:20:49
BMW,INE374E01021,2025-08-19,BSE,EQ,B,buy,False,2.0,47.95,1614300,1755574200001021301,2025-08-19T09:20:49
BMW,INE374E01021,2025-08-19,BSE,EQ,B,buy,False,233.0,47.95,1737700,1755574200001021301,2025-08-19T09:20:49
BMW,INE374E01021,2025-08-19,BSE,EQ,B,buy,False,81.0,47.95,1290000,1755574200001021301,2025-08-19T09:20:49
AMJLAND,INE606A01024,2025-08-19,BSE,EQ,B,sell,False,65.0,55.42,2023600,1755574200000045350,2025-08-19T09:37:31
AMJLAND,INE606A01024,2025-08-19,BSE,EQ,B,sell,False,86.0,55.47,2023400,1755574200000045350,2025-08-19T09:37:31
AMJLAND,INE606A01024,2025-08-19,BSE,EQ,B,sell,False,33.0,55.52,2023200,1755574200000045350,2025-08-19T09:37:31
AMJLAND,INE606A01024,2025-08-19,BSE,EQ,B,sell,False,1.0,55.58,2023000,1755574200000045350,2025-08-19T09:37:31
BMW,INE374E01021,2025-08-19,BSE,EQ,B,sell,False,68.0,47.5,4038800,1755574200001134756,2025-08-19T10:06:41
FIVESTAR,INE128S01021,2025-08-19,NSE,EQ,EQ,buy,False,5.0,590.8,202368485,1100000018604205,2025-08-19T10:23:39
INFY,INE009A01021,2025-08-19,NSE,EQ,EQ,buy,False,2.0,1440.5,202519404,1100000019832205,2025-08-19T10:30:01
DATAPATTNS,INE0IX101010,2025-08-19,NSE,EQ,EQ,buy,False,1.0,2563.3,202574510,1100000020261274,2025-08-19T10:32:22
GAEL,INE036B01030,2025-08-19,BSE,EQ,A,buy,False,20.0,103.8,3250400,1755577278077954300,2025-08-19T10:33:03
TATATECH,INE142M01025,2025-08-19,BSE,EQ,A,buy,False,5.0,681.75,6103900,1755591448865905901,2025-08-19T14:41:59
SONACOMS,INE073K01018,2025-08-20,NSE,EQ,EQ,buy,False,21.0,453.6,600287209,1300000001820879,2025-08-20T09:18:29
AWFIS,INE108V01019,2025-08-20,NSE,EQ,EQ,buy,False,3.0,578.9,384169,1000000002464734,2025-08-20T09:20:16
AWFIS,INE108V01019,2025-08-20,NSE,EQ,EQ,buy,False,1.0,578.9,384168,1000000002464734,2025-08-20T09:20:16
AWFIS,INE108V01019,2025-08-20,NSE,EQ,EQ,buy,False,13.0,578.9,384167,1000000002464734,2025-08-20T09:20:16
LEHAR-X,INE976H01018,2025-08-20,BSE,EQ,X,buy,False,36.0,270.0,377300,1755660600001044153,2025-08-20T09:20:20
LUXIND,INE150G01020,2025-08-20,NSE,EQ,EQ,buy,False,1.0,1355.0,403384317,1200000029608684,2025-08-20T11:25:47
ITDC,INE353K01014,2025-08-20,BSE,EQ,B,sell,False,10.0,562.1,7495100,1755668801390082548,2025-08-20T11:30:07
STERTOOLS,INE334A01023,2025-08-20,BSE,EQ,B,sell,False,10.0,322.2,16840500,1755668267205490129,2025-08-20T11:31:04
ITC,INE154A01025,2025-08-20,NSE,EQ,EQ,sell,False,30.0,409.65,204372568,1100000032674712,2025-08-20T11:31:56
LODHA,INE670K01029,2025-08-20,NSE,EQ,EQ,sell,False,1.0,1271.3,403464612,1200000030892312,2025-08-20T11:32:37
LODHA,INE670K01029,2025-08-20,NSE,EQ,EQ,sell,False,3.0,1271.3,403464611,1200000030892312,2025-08-20T11:32:37
INDUSTOWER,INE121J01017,2025-08-20,NSE,EQ,EQ,sell,False,10.0,349.0,206644525,1100000050880670,2025-08-20T13:28:41
COALINDIA,INE522F01014,2025-08-21,NSE,EQ,EQ,buy,False,27.0,379.45,31253,1000000000254289,2025-08-21T09:15:03
LEHAR-X,INE976H01018,2025-08-21,BSE,EQ,X,sell,False,36.0,290.0,2805600,1755747000001027603,2025-08-21T10:48:16
ITDC,INE353K01014,2025-08-21,NSE,EQ,EQ,buy,False,2.0,564.35,203545381,1100000027427611,2025-08-21T11:04:34
GAEL,INE036B01030,2025-08-21,NSE,EQ,EQ,buy,False,10.0,106.59,203566417,1100000027621389,2025-08-21T11:05:50
INFY,INE009A01021,2025-08-21,NSE,EQ,EQ,buy,False,1.0,1499.0,203617237,1100000028047871,2025-08-21T11:08:37
LODHA,INE670K01029,2025-08-21,NSE,EQ,EQ,sell,False,3.0,1295.1,405480691,1200000050875895,2025-08-21T13:40:01
DEEDEV,INE841L01016,2025-08-22,NSE,EQ,EQ,buy,False,107.0,275.0,200047901,1100000000350412,2025-08-22T09:15:05
PPLPHARMA,INE0DK501011,2025-08-22,NSE,EQ,EQ,sell,False,30.0,192.9,400781160,1200000007440829,2025-08-22T09:33:48
PPLPHARMA,INE0DK501011,2025-08-22,NSE,EQ,EQ,sell,False,57.0,192.88,400781161,1200000007440829,2025-08-22T09:33:48
PPLPHARMA,INE0DK501011,2025-08-22,NSE,EQ,EQ,sell,False,16.0,192.88,400781162,1200000007440829,2025-08-22T09:33:48
PERSISTENT,INE262H01021,2025-08-22,NSE,EQ,EQ,sell,False,1.0,5351.0,400812355,1200000007811935,2025-08-22T09:34:57
DEEDEV,INE841L01016,2025-08-22,NSE,EQ,EQ,sell,False,1.0,274.9,201250435,1100000010133064,2025-08-22T09:41:10
DEEDEV,INE841L01016,2025-08-22,NSE,EQ,EQ,sell,False,11.0,274.9,201250436,1100000010133064,2025-08-22T09:41:10
DEEDEV,INE841L01016,2025-08-22,NSE,EQ,EQ,sell,False,1.0,274.85,201250437,1100000010133064,2025-08-22T09:41:10
DEEDEV,INE841L01016,2025-08-22,NSE,EQ,EQ,sell,False,18.0,274.85,201250438,1100000010133064,2025-08-22T09:41:10
DEEDEV,INE841L01016,2025-08-22,NSE,EQ,EQ,sell,False,28.0,275.05,201250432,1100000010133064,2025-08-22T09:41:10
DEEDEV,INE841L01016,2025-08-22,NSE,EQ,EQ,sell,False,35.0,274.95,201250434,1100000010133064,2025-08-22T09:41:10
DEEDEV,INE841L01016,2025-08-22,NSE,EQ,EQ,sell,False,4.0,275.0,201250433,1100000010133064,2025-08-22T09:41:10
DEEDEV,INE841L01016,2025-08-22,NSE,EQ,EQ,sell,False,9.0,274.85,201250439,1100000010133064,2025-08-22T09:41:10
PPLPHARMA,INE0DK501011,2025-08-22,NSE,EQ,EQ,buy,False,51.0,194.79,401285897,1200000012973233,2025-08-22T09:55:30
PFC,INE134E01011,2025-08-22,NSE,EQ,EQ,buy,False,3.0,400.7,402667276,1200000028067399,2025-08-22T11:24:34
PFC,INE134E01011,2025-08-22,NSE,EQ,EQ,buy,False,22.0,400.7,402667275,1200000028067399,2025-08-22T11:24:34
FIVESTAR,INE128S01021,2025-08-22,NSE,EQ,EQ,buy,False,10.0,588.9,207229421,1100000060805696,2025-08-22T14:50:20
DATAPATTNS,INE0IX101010,2025-08-25,NSE,EQ,EQ,buy,False,1.0,2615.0,200083105,1100000000325542,2025-08-25T09:15:01
IGPL,INE204A01010,2025-08-25,NSE,EQ,EQ,sell,False,16.0,460.0,200386714,1100000002612222,2025-08-25T09:19:13
IGPL,INE204A01010,2025-08-25,NSE,EQ,EQ,sell,False,5.0,460.0,200386713,1100000002612222,2025-08-25T09:19:13
INFY,INE009A01021,2025-08-25,BSE,EQ,A,sell,False,2.0,1516.6,1348900,1756092600093476346,2025-08-25T09:23:28
BMW,INE374E01021,2025-08-25,BSE,EQ,B,sell,False,200.0,48.5,1406000,1756092600037102183,2025-08-25T09:26:37
TCS,INE467B01029,2025-08-25,NSE,EQ,EQ,buy,False,2.0,3117.9,600904947,1300000006922922,2025-08-25T09:32:19
TCS,INE467B01029,2025-08-25,NSE,EQ,EQ,buy,False,1.0,3117.9,600904948,1300000006922922,2025-08-25T09:32:19
CMSINFO,INE925R01014,2025-08-25,NSE,EQ,EQ,buy,False,13.0,445.8,1247275,1000000011123764,2025-08-25T09:58:15
COALINDIA,INE522F01014,2025-08-25,NSE,EQ,EQ,sell,False,20.0,380.25,4306024,1000000041589645,2025-08-25T13:53:52
BBL,INE464A01036,2025-08-25,NSE,EQ,EQ,buy,False,1.0,2820.0,4424569,1000000042660968,2025-08-25T14:03:58
BBL,INE464A01036,2025-08-25,NSE,EQ,EQ,buy,False,1.0,2820.0,4424472,1000000042660968,2025-08-25T14:03:58
BBL,INE464A01036,2025-08-25,NSE,EQ,EQ,sell,False,2.0,2884.0,6019247,1000000052728157,2025-08-25T15:26:20
ITC,INE154A01025,2025-08-25,BSE,EQ,A,buy,False,5.0,399.4,6788100,1756115745773058785,2025-08-25T15:29:05
KITEX,INE602G01020,2025-08-26,NSE,EQ,EQ,buy,False,50.0,178.49,400023984,1200000000267232,2025-08-26T09:15:00
BODALCHEM,INE338D01028,2025-08-26,NSE,EQ,EQ,buy,False,98.0,65.0,6736163,1000000000203998,2025-08-26T09:15:02
BODALCHEM,INE338D01028,2025-08-26,NSE,EQ,EQ,buy,False,51.0,65.0,6805768,1000000000203998,2025-08-26T09:15:02
YUKEN,INE384C01016,2025-08-26,NSE,EQ,EQ,buy,False,9.0,990.0,600809904,1300000006498427,2025-08-26T09:30:42
FINPIPE,INE183A01024,2025-08-26,NSE,EQ,EQ,sell,False,2.0,210.06,201265410,1100000010097363,2025-08-26T09:39:40
FINPIPE,INE183A01024,2025-08-26,NSE,EQ,EQ,sell,False,2.0,210.08,201265407,1100000010097363,2025-08-26T09:39:40
FINPIPE,INE183A01024,2025-08-26,NSE,EQ,EQ,sell,False,41.0,210.09,201265406,1100000010097363,2025-08-26T09:39:40
FINPIPE,INE183A01024,2025-08-26,NSE,EQ,EQ,sell,False,4.0,210.06,201265411,1100000010097363,2025-08-26T09:39:40
FINPIPE,INE183A01024,2025-08-26,NSE,EQ,EQ,sell,False,48.0,210.08,201265408,1100000010097363,2025-08-26T09:39:40
FINPIPE,INE183A01024,2025-08-26,NSE,EQ,EQ,sell,False,15.0,210.05,201265414,1100000010097363,2025-08-26T09:39:40
FINPIPE,INE183A01024,2025-08-26,NSE,EQ,EQ,sell,False,1.0,210.08,201265409,1100000010097363,2025-08-26T09:39:40
FINPIPE,INE183A01024,2025-08-26,NSE,EQ,EQ,sell,False,1.0,210.06,201265412,1100000010097363,2025-08-26T09:39:40
FINPIPE,INE183A01024,2025-08-26,NSE,EQ,EQ,sell,False,14.0,210.06,201265413,1100000010097363,2025-08-26T09:39:40
BBL,INE464A01036,2025-08-26,NSE,EQ,EQ,sell,False,6.0,2863.5,1017298,1000000008581789,2025-08-26T09:40:37
PNCINFRA,INE195J01029,2025-08-28,NSE,EQ,EQ,buy,False,33.0,296.9,400051005,1200000000282249,2025-08-28T09:15:05
KPL,INE552U01010,2025-08-28,BSE,EQ,B,buy,False,10.0,990.0,273300,1756351800009037133,2025-08-28T09:17:47
IGPL,INE204A01010,2025-08-28,NSE,EQ,EQ,buy,False,22.0,435.0,200691428,1100000003915789,2025-08-28T09:21:36
DEEDEV,INE841L01016,2025-08-28,NSE,EQ,EQ,buy,False,37.0,266.0,200851396,1100000005858487,2025-08-28T09:26:06
HCLTECH,INE860A01027,2025-08-28,NSE,EQ,EQ,buy,False,6.0,1450.0,208405494,1100000044156151,2025-08-28T12:51:41
KPL,INE552U01010,2025-08-28,BSE,EQ,B,sell,False,2.0,1000.05,8003100,1756351800009237974,2025-08-28T14:48:57
KPL,INE552U01010,2025-08-28,BSE,EQ,B,sell,False,8.0,1000.1,8002900,1756351800009237974,2025-08-28T14:48:57
PNCINFRA,INE195J01029,2025-08-28,NSE,EQ,EQ,sell,False,33.0,300.0,406423537,1200000061048268,2025-08-28T14:49:19
IGPL,INE204A01010,2025-08-28,NSE,EQ,EQ,sell,False,2.0,430.05,208032940,1100000061802787,2025-08-28T14:49:52
IGPL,INE204A01010,2025-08-28,NSE,EQ,EQ,sell,False,20.0,430.05,208032939,1100000061802787,2025-08-28T14:49:52
AWFIS,INE108V01019,2025-08-28,NSE,EQ,EQ,buy,False,17.0,568.6,6291788,1000000054416625,2025-08-28T15:12:02
KITEX,INE602G01020,2025-08-29,NSE,EQ,EQ,buy,False,6.0,171.1,400587837,1200000000272448,2025-08-29T09:15:04
INDUSTOWER,INE121J01017,2025-08-29,NSE,EQ,EQ,buy,False,21.0,338.6,200090993,1100000000602884,2025-08-29T09:15:31
BMW,INE374E01021,2025-08-29,BSE,EQ,B,buy,False,1.0,46.9,1544500,1756438200015014828,2025-08-29T09:40:20
BMW,INE374E01021,2025-08-29,BSE,EQ,B,buy,False,211.0,46.89,1544300,1756438200015014828,2025-08-29T09:40:20
KITEX,INE602G01020,2025-08-29,NSE,EQ,EQ,buy,False,6.0,172.41,401045722,1200000009766275,2025-08-29T09:40:32
M&MFIN,INE774D01024,2025-08-29,NSE,EQ,EQ,buy,False,39.0,255.0,404146383,1200000019029607,2025-08-29T10:20:37
KITEX,INE602G01020,2025-08-29,NSE,EQ,EQ,buy,False,1.0,173.27,402320937,1200000023875115,2025-08-29T10:45:00
KITEX,INE602G01020,2025-08-29,NSE,EQ,EQ,buy,False,5.0,173.43,402320938,1200000023875115,2025-08-29T10:45:00
DEEDEV,INE841L01016,2025-08-29,BSE,EQ,B,sell,False,20.0,270.05,9257600,1756449687684075065,2025-08-29T12:23:21
PERSISTENT,INE262H01021,2025-08-29,NSE,EQ,EQ,sell,False,1.0,5314.0,403737125,1200000040229200,2025-08-29T12:25:06
ITC,INE154A01025,2025-08-29,NSE,EQ,EQ,sell,False,10.0,407.25,205062527,1100000043843197,2025-08-29T12:53:03
KPL,INE552U01010,2025-09-01,BSE,EQ,B,buy,False,10.0,984.95,147800,1756697400006040099,2025-09-01T09:15:05
KITEX,INE602G01020,2025-09-01,BSE,EQ,B,sell,False,9.0,183.1,170900,1756697400001028219,2025-09-01T09:16:20
KITEX,INE602G01020,2025-09-01,BSE,EQ,B,sell,False,34.0,183.15,170700,1756697400001028219,2025-09-01T09:16:20
KITEX,INE602G01020,2025-09-01,BSE,EQ,B,sell,False,25.0,183.3,170500,1756697400001028219,2025-09-01T09:16:20
YUKEN,INE384C01016,2025-09-01,BSE,EQ,B,sell,False,1.0,1017.3,466400,1756697400005058059,2025-09-01T09:16:29
ITC,INE154A01025,2025-09-01,BSE,EQ,A,sell,False,1.0,409.6,325400,1756697400009087629,2025-09-01T09:18:43
ITC,INE154A01025,2025-09-01,BSE,EQ,A,sell,False,9.0,409.65,325200,1756697400009087629,2025-09-01T09:18:43
ONGC,INE213A01029,2025-09-01,NSE,EQ,EQ,buy,False,17.0,234.49,400462635,1200000003643579,2025-09-01T09:22:40
YUKEN,INE384C01016,2025-09-01,BSE,EQ,B,sell,False,8.0,1005.15,10359300,1756697400005481934,2025-09-01T09:22:57
NAHARINDUS-T,INE289A01011,2025-09-01,BSE,EQ,T,buy,False,6.0,112.85,2010800,1756697400001243019,2025-09-01T09:52:15
STERTOOLS,INE334A01023,2025-09-01,NSE,EQ,EQ,buy,False,9.0,309.7,602063661,1300000012764179,2025-09-01T10:00:07
STERTOOLS,INE334A01023,2025-09-01,NSE,EQ,EQ,buy,False,1.0,309.7,602059853,1300000012764179,2025-09-01T10:00:07
ITDC,INE353K01014,2025-09-01,NSE,EQ,EQ,buy,False,8.0,532.3,202364394,1100000015940211,2025-09-01T10:06:36
BMW,INE374E01021,2025-09-01,BSE,EQ,B,sell,False,100.0,47.1,4744200,1756697400006030678,2025-09-01T11:21:45
BAJAJHFL,INE377Y01014,2025-09-01,BSE,EQ,A,buy,False,10.0,111.75,5350300,1756705486263160118,2025-09-01T11:22:06
AWFIS,INE108V01019,2025-09-01,NSE,EQ,EQ,sell,False,3.0,569.9,2653702,1000000024425392,2025-09-01T11:25:00
AWFIS,INE108V01019,2025-09-01,NSE,EQ,EQ,sell,False,7.0,569.9,2653703,1000000024425392,2025-09-01T11:25:00
PFC,INE134E01011,2025-09-01,NSE,EQ,EQ,buy,False,24.0,387.25,403764233,1200000034070382,2025-09-01T12:02:37
PPLPHARMA,INE0DK501011,2025-09-01,NSE,EQ,EQ,buy,False,52.0,187.05,404072075,1200000036846332,2025-09-01T12:21:53
CENTRALBK,INE483A01010,2025-09-01,NSE,EQ,EQ,buy,False,116.0,35.15,6073210,1000000052788036,2025-09-01T15:20:03
LUXIND,INE150G01020,2025-09-02,NSE,EQ,EQ,buy,False,1.0,1299.4,401012528,1200000007514306,2025-09-02T09:34:39
DEEDEV,INE841L01016,2025-09-02,NSE,EQ,EQ,sell,False,52.0,274.0,201219003,1100000009331430,2025-09-02T09:43:55
PPLPHARMA,INE0DK501011,2025-09-02,NSE,EQ,EQ,sell,False,20.0,188.5,401392115,1200000010686045,2025-09-02T09:45:58
STERTOOLS,INE334A01023,2025-09-02,BSE,EQ,B,sell,False,10.0,323.1,3440600,1756786695251101545,2025-09-02T09:52:36
LODHA,INE670K01029,2025-09-02,BSE,EQ,A,buy,False,2.0,1209.55,2409700,1756786599458089388,2025-09-02T09:54:39
ITDC,INE353K01014,2025-09-02,NSE,EQ,EQ,buy,False,8.0,549.1,202507063,1100000018778399,2025-09-02T10:32:11
JINDALSAW,INE324A01032,2025-09-02,BSE,EQ,A,sell,False,20.0,206.9,5867900,1756790741396551041,2025-09-02T11:20:20
CENTRALBK,INE483A01010,2025-09-02,BSE,EQ,A,sell,False,50.0,35.64,4480800,1756789631535806781,2025-09-02T11:23:04
CENTRALBK,INE483A01010,2025-09-02,BSE,EQ,A,sell,False,17.0,35.63,4481000,1756789631535806781,2025-09-02T11:23:04
CENTRALBK,INE483A01010,2025-09-02,BSE,EQ,A,sell,False,33.0,35.62,4481200,1756789631535806781,2025-09-02T11:23:04
GAEL,INE036B01030,2025-09-02,BSE,EQ,A,sell,False,20.0,105.7,4508300,1756789631535823227,2025-09-02T11:24:27
MGL,INE002S01010,2025-09-02,BSE,EQ,A,buy,False,1.0,1277.65,4653200,1756791253333538567,2025-09-02T11:28:47
POLYPLEX,INE633B01018,2025-09-02,BSE,EQ,B,buy,False,2.0,1023.7,9166000,1756789938546959148,2025-09-02T11:29:30
CAPITALSFB,INE646H01017,2025-09-02,NSE,EQ,EQ,buy,False,5.0,282.0,2873537,1000000023740807,2025-09-02T11:32:08
CAPITALSFB,INE646H01017,2025-09-02,NSE,EQ,EQ,buy,False,30.0,282.0,2978150,1000000023740807,2025-09-02T11:32:08
DEEDEV,INE841L01016,2025-09-02,NSE,EQ,EQ,buy,False,3.0,272.45,206488723,1100000048273418,2025-09-02T13:43:50
DEEDEV,INE841L01016,2025-09-02,NSE,EQ,EQ,buy,False,33.0,272.45,206489553,1100000048273418,2025-09-02T13:43:50
INDUSTOWER,INE121J01017,2025-09-02,BSE,EQ,A,sell,False,10.0,328.7,4104900,1756800181667452731,2025-09-02T13:55:16
CAPITALSFB,INE646H01017,2025-09-02,NSE,EQ,EQ,sell,False,35.0,281.2,4868107,1000000041223198,2025-09-02T13:57:16
DEEDEV,INE841L01016,2025-09-02,NSE,EQ,EQ,sell,False,20.0,280.15,208266930,1100000062405939,2025-09-02T14:58:44
DEEDEV,INE841L01016,2025-09-02,NSE,EQ,EQ,sell,False,11.0,280.1,208266931,1100000062405939,2025-09-02T14:58:44
DEEDEV,INE841L01016,2025-09-02,NSE,EQ,EQ,sell,False,5.0,280.05,208266932,1100000062405939,2025-09-02T14:58:44
FIVESTAR,INE128S01021,2025-09-03,NSE,EQ,EQ,buy,False,3.0,534.35,200182193,1100000001154014,2025-09-03T09:16:20
FIVESTAR,INE128S01021,2025-09-03,NSE,EQ,EQ,buy,False,8.0,534.35,200182192,1100000001154014,2025-09-03T09:16:20
JINDALSAW,INE324A01032,2025-09-03,NSE,EQ,EQ,buy,False,5.0,208.23,200786124,1100000005653364,2025-09-03T09:26:39
JINDALSAW,INE324A01032,2025-09-03,NSE,EQ,EQ,buy,False,3.0,208.26,200786126,1100000005653364,2025-09-03T09:26:39
JINDALSAW,INE324A01032,2025-09-03,NSE,EQ,EQ,buy,False,5.0,208.25,200786125,1100000005653364,2025-09-03T09:26:39
PPLPHARMA,INE0DK501011,2025-09-03,NSE,EQ,EQ,buy,False,51.0,189.94,401077448,1200000008322828,2025-09-03T09:33:53
PPLPHARMA,INE0DK501011,2025-09-03,NSE,EQ,EQ,buy,False,1.0,189.94,401077447,1200000008322828,2025-09-03T09:33:53
PPLPHARMA,INE0DK501011,2025-09-03,BSE,EQ,A,sell,False,83.0,194.4,1808700,1756873074545453856,2025-09-03T10:05:42
MGL,INE002S01010,2025-09-03,BSE,EQ,A,buy,False,1.0,1311.35,2615800,1756873655962264985,2025-09-03T10:14:10
STERTOOLS,INE334A01023,2025-09-03,NSE,EQ,EQ,buy,False,10.0,324.8,602286056,1300000017576864,2025-09-03T10:17:49
STERTOOLS,INE334A01023,2025-09-03,NSE,EQ,EQ,buy,False,20.0,325.0,602286057,1300000017576864,2025-09-03T10:17:49
PFC,INE134E01011,2025-09-03,BSE,EQ,A,sell,False,10.0,395.0,7001300,1756873074545633184,2025-09-03T10:17:57
STERTOOLS,INE334A01023,2025-09-03,NSE,EQ,EQ,sell,False,30.0,325.0,602601818,1300000017826883,2025-09-03T10:19:08
ITDC,INE353K01014,2025-09-03,BSE,EQ,B,sell,False,10.0,554.75,6507500,1756876696663929343,2025-09-03T11:56:57
PFC,INE134E01011,2025-09-03,BSE,EQ,A,sell,False,10.0,392.6,4683100,1756878667678917548,2025-09-03T12:01:36
JSWENERGY,INE121E01018,2025-09-03,NSE,EQ,EQ,buy,False,19.0,510.0,206427310,1100000043299813,2025-09-03T12:46:10
LUXIND,INE150G01020,2025-09-03,NSE,EQ,EQ,buy,False,1.0,1314.6,408799187,1200000074196707,2025-09-03T15:25:35
INDUSTOWER,INE121J01017,2025-09-04,NSE,EQ,EQ,buy,False,5.0,327.0,200059053,1100000000339499,2025-09-04T09:15:03
CMSINFO,INE925R01014,2025-09-04,NSE,EQ,EQ,buy,False,3.0,419.45,247082,1000000000328802,2025-09-04T09:15:09
CMSINFO,INE925R01014,2025-09-04,NSE,EQ,EQ,buy,False,9.0,419.45,231406,1000000000328802,2025-09-04T09:15:09
CMSINFO,INE925R01014,2025-09-04,NSE,EQ,EQ,buy,False,9.0,419.45,246611,1000000000328802,2025-09-04T09:15:09
CENTRALBK,INE483A01010,2025-09-04,NSE,EQ,EQ,buy,False,1.0,36.0,92700,1000000000421709,2025-09-04T09:15:16
CENTRALBK,INE483A01010,2025-09-04,NSE,EQ,EQ,buy,False,113.0,36.0,97613,1000000000421709,2025-09-04T09:15:16
PPLPHARMA,INE0DK501011,2025-09-04,BSE,EQ,A,sell,False,52.0,200.7,310400,1756956600041051299,2025-09-04T09:16:10
KPL,INE552U01010,2025-09-04,BSE,EQ,B,buy,False,10.0,970.0,1724400,1756956600008025129,2025-09-04T09:41:19
SONACOMS,INE073K01018,2025-09-04,NSE,EQ,EQ,buy,False,1.0,454.8,601308179,1300000009925988,2025-09-04T09:41:36
BMW,INE374E01021,2025-09-04,BSE,EQ,B,sell,False,1.0,50.6,1961500,1756956600008100035,2025-09-04T09:51:26
BMW,INE374E01021,2025-09-04,BSE,EQ,B,sell,False,1.0,50.6,1949800,1756956600008100035,2025-09-04T09:51:26
BMW,INE374E01021,2025-09-04,BSE,EQ,B,sell,False,10.0,50.6,1946800,1756956600008100035,2025-09-04T09:51:26
BMW,INE374E01021,2025-09-04,BSE,EQ,B,sell,False,100.0,50.6,1964900,1756956600008100035,2025-09-04T09:51:26
BMW,INE374E01021,2025-09-04,BSE,EQ,B,sell,False,355.0,50.6,1965500,1756956600008100035,2025-09-04T09:51:26
ITDC,INE353K01014,2025-09-04,BSE,EQ,B,sell,False,10.0,557.2,3218300,1756956600040897154,2025-09-04T09:52:07
LODHA,INE670K01029,2025-09-04,NSE,EQ,EQ,sell,False,4.0,1221.8,402267860,1200000017368646,2025-09-04T09:59:47
WIPRO,INE075A01022,2025-09-04,NSE,EQ,EQ,buy,False,40.0,247.0,605560526,1300000024329660,2025-09-04T10:55:25
KITEX,INE602G01020,2025-09-04,NSE,EQ,EQ,buy,False,55.0,179.55,404527614,1200000038193068,2025-09-04T11:49:06
DEEDEV,INE841L01016,2025-09-04,NSE,EQ,EQ,buy,False,1.0,272.0,207893906,1100000064387834,2025-09-04T14:23:57
DEEDEV,INE841L01016,2025-09-04,NSE,EQ,EQ,buy,False,1.0,272.0,207893312,1100000064387834,2025-09-04T14:23:57
DEEDEV,INE841L01016,2025-09-04,NSE,EQ,EQ,buy,False,1.0,272.0,207894175,1100000064387834,2025-09-04T14:23:57
DEEDEV,INE841L01016,2025-09-04,NSE,EQ,EQ,buy,False,1.0,272.0,207895544,1100000064387834,2025-09-04T14:23:57
DEEDEV,INE841L01016,2025-09-04,NSE,EQ,EQ,buy,False,27.0,272.0,207892840,1100000064387834,2025-09-04T14:23:57
DEEDEV,INE841L01016,2025-09-04,NSE,EQ,EQ,buy,False,5.0,272.0,208219381,1100000064387834,2025-09-04T14:23:57
SONACOMS,INE073K01018,2025-09-05,NSE,EQ,EQ,buy,False,1.0,441.55,600094093,1300000000764699,2025-09-05T09:15:53
INDUSTOWER,INE121J01017,2025-09-05,NSE,EQ,EQ,buy,False,5.0,326.85,200105001,1100000000839091,2025-09-05T09:15:56
LODHA,INE670K01029,2025-09-05,NSE,EQ,EQ,buy,False,2.0,1202.5,400132058,1200000000965078,2025-09-05T09:16:15
M&MFIN,INE774D01024,2025-09-05,BSE,EQ,A,sell,False,22.0,264.75,126100,1757043000023065263,2025-09-05T09:20:01
M&MFIN,INE774D01024,2025-09-05,BSE,EQ,A,sell,False,17.0,264.8,125900,1757043000023065263,2025-09-05T09:20:01
BODALCHEM,INE338D01028,2025-09-05,NSE,EQ,EQ,buy,False,4.0,65.0,336793,1000000003203631,2025-09-05T09:23:28
ITC,INE154A01025,2025-09-05,NSE,EQ,EQ,sell,False,15.0,410.0,200456497,1100000004084146,2025-09-05T09:24:12
HCLTECH,INE860A01027,2025-09-05,NSE,EQ,EQ,buy,False,7.0,1410.0,201977325,1100000017083498,2025-09-05T10:16:19
VBL,INE200M01039,2025-09-05,NSE,EQ,EQ,buy,False,21.0,473.0,604140827,1300000038225433,2025-09-05T12:34:05
DATAPATTNS,INE0IX101010,2025-09-05,NSE,EQ,EQ,buy,False,1.0,2508.8,205701301,1100000050041508,2025-09-05T13:37:40
KITEX,INE602G01020,2025-09-05,BSE,EQ,B,sell,False,10.0,186.15,3768500,1757050872054865184,2025-09-05T14:33:15
KITEX,INE602G01020,2025-09-05,BSE,EQ,B,sell,False,45.0,186.1,3768800,1757050872054865184,2025-09-05T14:33:15
DEEDEV,INE841L01016,2025-09-08,BSE,EQ,B,sell,False,36.0,277.45,390300,1757302200050041180,2025-09-08T09:15:56
COALINDIA,INE522F01014,2025-09-08,BSE,EQ,A,sell,False,25.0,393.05,237700,1757302200087097766,2025-09-08T09:16:42
WIPRO,INE075A01022,2025-09-08,BSE,EQ,A,sell,False,40.0,246.2,397900,1757302200084160562,2025-09-08T09:17:31
VBL,INE200M01039,2025-09-08,BSE,EQ,A,sell,False,21.0,471.6,553900,1757302200081169373,2025-09-08T09:17:46
HCLTECH,INE860A01027,2025-09-08,BSE,EQ,A,sell,False,5.0,1421.0,1336900,1757302200081376349,2025-09-08T09:18:31
INDUSTOWER,INE121J01017,2025-09-08,NSE,EQ,EQ,sell,False,20.0,336.45,200341670,1100000002345760,2025-09-08T09:19:03
LODHA,INE670K01029,2025-09-08,BSE,EQ,A,buy,False,2.0,1181.55,879000,1757302200081243870,2025-09-08T09:20:47
BAJAJHFL,INE377Y01014,2025-09-08,BSE,EQ,A,buy,False,10.0,113.0,730800,1757302200084379690,2025-09-08T09:25:13
STERTOOLS,INE334A01023,2025-09-08,NSE,EQ,EQ,sell,False,35.0,336.75,602827303,1300000022344759,2025-09-08T10:44:16
ONGC,INE213A01029,2025-09-08,BSE,EQ,A,sell,False,1.0,232.45,4496600,1757310287445283277,2025-09-08T11:34:38
ONGC,INE213A01029,2025-09-08,BSE,EQ,A,sell,False,19.0,232.4,4497000,1757310287445283277,2025-09-08T11:34:38
LEHAR-X,INE976H01018,2025-09-08,BSE,EQ,X,buy,False,36.0,270.0,4667800,1757302200001035396,2025-09-08T11:36:38
ZAGGLE,INE07K301024,2025-09-08,NSE,EQ,EQ,buy,False,26.0,375.0,606924820,1300000030268610,2025-09-08T11:37:50
JSWENERGY,INE121E01018,2025-09-08,NSE,EQ,EQ,sell,False,10.0,514.9,203768706,1100000031770847,2025-09-08T11:47:07
FIVESTAR,INE128S01021,2025-09-08,NSE,EQ,EQ,buy,False,11.0,539.1,205001591,1100000042031367,2025-09-08T13:01:36
INFY,INE009A01021,2025-09-09,NSE,EQ,EQ,sell,False,2.0,1475.7,200143021,1100000000898585,2025-09-09T09:15:48
PERSISTENT,INE262H01021,2025-09-09,BSE,EQ,A,sell,False,1.0,5100.0,1492900,1757388600013111679,2025-09-09T09:17:01
SONACOMS,INE073K01018,2025-09-09,BSE,EQ,A,sell,False,23.0,454.4,527100,1757388600006193660,2025-09-09T09:19:17
DATAPATTNS,INE0IX101010,2025-09-09,BSE,EQ,A,sell,False,1.0,2564.05,669300,1757388600054405588,2025-09-09T09:30:30
AWFIS,INE108V01019,2025-09-10,NSE,EQ,EQ,buy,False,11.0,570.0,42392,1000000000297329,2025-09-10T09:15:08
LODHA,INE670K01029,2025-09-10,NSE,EQ,EQ,buy,False,6.0,1180.0,400057232,1200000000405864,2025-09-10T09:15:12
KPL,INE552U01010,2025-09-10,BSE,EQ,B,sell,False,5.0,942.05,173500,1757475000020046083,2025-09-10T09:16:15
GAEL,INE036B01030,2025-09-10,BSE,EQ,A,sell,False,29.0,105.9,369800,1757475000157011768,2025-09-10T09:18:27
GAEL,INE036B01030,2025-09-10,BSE,EQ,A,sell,False,1.0,106.0,369600,1757475000157011768,2025-09-10T09:18:27
CENTRALBK,INE483A01010,2025-09-10,BSE,EQ,A,sell,False,150.0,35.85,501000,1757475000157220998,2025-09-10T09:20:21
INFY,INE009A01021,2025-09-10,BSE,EQ,A,sell,False,2.0,1521.5,1059500,1757475000031136513,2025-09-10T09:21:11
POLYPLEX,INE633B01018,2025-09-10,BSE,EQ,B,buy,False,1.0,1032.25,841400,1757475000059303898,2025-09-10T09:22:53
POLYPLEX,INE633B01018,2025-09-10,BSE,EQ,B,buy,False,1.0,1032.2,841200,1757475000059303898,2025-09-10T09:22:53
CENTRALBK,INE483A01010,2025-09-10,NSE,EQ,EQ,buy,False,1.0,35.94,521426,1000000003749259,2025-09-10T09:23:36
CENTRALBK,INE483A01010,2025-09-10,NSE,EQ,EQ,buy,False,3.0,35.94,521427,1000000003749259,2025-09-10T09:23:36
ITDC,INE353K01014,2025-09-10,NSE,EQ,EQ,sell,False,17.0,690.15,201031781,1100000007402155,2025-09-10T09:33:24
ITDC,INE353K01014,2025-09-10,NSE,EQ,EQ,sell,False,7.0,690.1,201031782,1100000007402155,2025-09-10T09:33:24
ITDC,INE353K01014,2025-09-10,NSE,EQ,EQ,sell,False,4.0,690.15,201031780,1100000007402155,2025-09-10T09:33:24
ITDC,INE353K01014,2025-09-10,NSE,EQ,EQ,sell,False,12.0,690.1,201031783,1100000007402155,2025-09-10T09:33:24
JINDALSAW,INE324A01032,2025-09-10,NSE,EQ,EQ,buy,False,2.0,204.9,201265734,1100000008997952,2025-09-10T09:39:32
CMSINFO,INE925R01014,2025-09-10,NSE,EQ,EQ,buy,False,2.0,423.85,2650824,1000000021647355,2025-09-10T11:03:48
TATATECH,INE142M01025,2025-09-10,BSE,EQ,A,sell,False,5.0,709.7,4442200,1757480362771903153,2025-09-10T11:11:31
STERTOOLS,INE334A01023,2025-09-10,NSE,EQ,EQ,sell,False,43.0,338.0,607213831,1300000056703292,2025-09-10T14:30:13
LEHAR-X,INE976H01018,2025-09-10,BSE,EQ,X,buy,False,1.0,270.5,8317600,1757475000001097397,2025-09-10T15:08:05
PERSISTENT,INE262H01021,2025-09-11,BSE,EQ,A,sell,False,2.0,5355.5,254000,1757561400011143623,2025-09-11T09:19:04
DATAPATTNS,INE0IX101010,2025-09-11,NSE,EQ,EQ,sell,False,5.0,2630.0,200959453,1100000006897554,2025-09-11T09:30:44
ONGC,INE213A01029,2025-09-11,NSE,EQ,EQ,buy,False,21.0,234.68,401129971,1200000009805640,2025-09-11T09:40:37
BAJAJHFL,INE377Y01014,2025-09-11,BSE,EQ,A,buy,False,10.0,112.8,1486700,1757561400022818461,2025-09-11T09:43:55
SONACOMS,INE073K01018,2025-09-11,NSE,EQ,EQ,buy,False,20.0,438.2,604608113,1300000040795285,2025-09-11T12:51:55
YUKEN,INE384C01016,2025-09-11,NSE,EQ,EQ,buy,False,10.0,990.0,604875736,1300000043163916,2025-09-11T13:05:29
KPL,INE552U01010,2025-09-11,BSE,EQ,B,buy,False,5.0,950.0,5491200,1757561400000035979,2025-09-11T13:09:53
BMW,INE374E01021,2025-09-11,BSE,EQ,B,buy,False,1.0,48.0,8091300,1757561400000338670,2025-09-11T15:28:23
BMW,INE374E01021,2025-09-11,BSE,EQ,B,buy,False,205.0,48.0,8155100,1757561400000338670,2025-09-11T15:28:23
BMW,INE374E01021,2025-09-11,BSE,EQ,B,buy,False,2.0,48.0,8096500,1757561400000338670,2025-09-11T15:28:23
STERTOOLS,INE334A01023,2025-09-12,NSE,EQ,EQ,buy,False,28.0,337.9,600193845,1300000001327526,2025-09-12T09:16:36
LODHA,INE670K01029,2025-09-12,NSE,EQ,EQ,sell,False,3.0,1196.4,400277826,1200000002254197,2025-09-12T09:19:06
GAEL,INE036B01030,2025-09-12,BSE,EQ,A,sell,False,120.0,111.3,343600,1757647800195227564,2025-09-12T09:21:29
VBL,INE200M01039,2025-09-12,NSE,EQ,EQ,buy,False,21.0,470.0,602858215,1300000024478854,2025-09-12T11:04:23
STERTOOLS,INE334A01023,2025-09-12,NSE,EQ,EQ,sell,False,1.0,330.05,606880338,1300000055863138,2025-09-12T15:20:42
STERTOOLS,INE334A01023,2025-09-12,NSE,EQ,EQ,sell,False,1.0,330.05,606880339,1300000055863138,2025-09-12T15:20:42
STERTOOLS,INE334A01023,2025-09-12,NSE,EQ,EQ,sell,False,12.0,330.05,606880340,1300000055863138,2025-09-12T15:20:42
STERTOOLS,INE334A01023,2025-09-12,NSE,EQ,EQ,sell,False,14.0,330.1,606880337,1300000055863138,2025-09-12T15:20:42
COALINDIA,INE522F01014,2025-09-15,NSE,EQ,EQ,sell,False,33.0,398.0,1263540,1000000010836280,2025-09-15T09:50:57
TCS,INE467B01029,2025-09-15,BSE,EQ,A,sell,False,3.0,3116.7,2744100,1757909663047133524,2025-09-15T09:51:23
JINDALSAW,INE324A01032,2025-09-15,BSE,EQ,A,sell,False,20.0,210.5,4101600,1757908823801626313,2025-09-15T09:53:44
JSWENERGY,INE121E01018,2025-09-15,BSE,EQ,A,sell,False,28.0,529.45,2910200,1757909075711718642,2025-09-15T10:01:16
POLYPLEX,INE633B01018,2025-09-15,BSE,EQ,B,buy,False,1.0,1019.05,4138300,1757909130057644340,2025-09-15T10:06:57
POLYPLEX,INE633B01018,2025-09-15,BSE,EQ,B,buy,False,1.0,1019.1,4138500,1757909130057644340,2025-09-15T10:06:57
SONACOMS,INE073K01018,2025-09-15,NSE,EQ,EQ,buy,False,2.0,434.4,602524235,1300000019859104,2025-09-15T10:32:01
LODHA,INE670K01029,2025-09-15,NSE,EQ,EQ,buy,False,3.0,1179.3,402934515,1200000027866807,2025-09-15T11:37:29
INDUSTOWER,INE121J01017,2025-09-15,NSE,EQ,EQ,sell,False,43.0,362.0,206478116,1100000055574036,2025-09-15T13:39:44
CAMPUS,INE278Y01022,2025-09-16,NSE,EQ,EQ,buy,False,37.0,269.55,176712,1000000001273785,2025-09-16T09:16:50
LODHA,INE670K01029,2025-09-16,NSE,EQ,EQ,sell,False,3.0,1200.0,405080884,1200000003917730,2025-09-16T09:23:05
ZAGGLE,INE07K301024,2025-09-16,BSE,EQ,A,buy,False,15.0,360.0,1169700,1757993400055441505,2025-09-16T09:27:16
MGL,INE002S01010,2025-09-16,BSE,EQ,A,sell,False,4.0,1349.15,2898500,1757997464238591557,2025-09-16T10:32:20
LUXIND,INE150G01020,2025-09-16,BSE,EQ,B,sell,False,2.0,1340.0,14349500,1758004631021575451,2025-09-16T12:47:16
LUXIND,INE150G01020,2025-09-16,BSE,EQ,B,sell,False,1.0,1340.0,14343600,1758004631021575451,2025-09-16T12:47:16
EPIGRAL,INE071N01016,2025-09-17,NSE,EQ,EQ,buy,False,5.0,1785.4,201104359,1100000005756792,2025-09-17T09:28:00
NAHARINDUS-T,INE289A01011,2025-09-17,BSE,EQ,T,sell,False,40.0,118.0,827200,1758079800000034031,2025-09-17T09:31:28
LUXIND,INE150G01020,2025-09-17,NSE,EQ,EQ,buy,False,2.0,1355.8,401813828,1200000014839058,2025-09-17T10:00:27
ITC,INE154A01025,2025-09-17,BSE,EQ,A,sell,False,36.0,411.0,1847200,1758083138716216493,2025-09-17T10:10:37
POLYPLEX,INE633B01018,2025-09-17,BSE,EQ,B,sell,False,1.0,1058.5,7133100,1758093677842879884,2025-09-17T13:53:34
POLYPLEX,INE633B01018,2025-09-17,BSE,EQ,B,sell,False,1.0,1058.45,7133300,1758093677842879884,2025-09-17T13:53:34
LUXIND,INE150G01020,2025-09-18,BSE,EQ,B,sell,False,4.0,1405.05,5835900,1758170100078612020,2025-09-18T10:23:13
CENTRALBK,INE483A01010,2025-09-18,NSE,EQ,EQ,sell,False,300.0,37.6,3388645,1000000029096804,2025-09-18T12:43:45
HCLTECH,INE860A01027,2025-09-19,NSE,EQ,EQ,sell,False,1.0,1480.0,200874160,1100000005928298,2025-09-19T09:32:24
HCLTECH,INE860A01027,2025-09-19,NSE,EQ,EQ,sell,False,3.0,1480.0,200874257,1100000005928298,2025-09-19T09:32:24
HCLTECH,INE860A01027,2025-09-19,NSE,EQ,EQ,sell,False,1.0,1480.0,200873252,1100000005928298,2025-09-19T09:32:24
HCLTECH,INE860A01027,2025-09-19,NSE,EQ,EQ,sell,False,3.0,1480.0,200866574,1100000005928298,2025-09-19T09:32:24
KPL,INE552U01010,2025-09-19,BSE,EQ,B,sell,False,4.0,970.0,2363800,1758252600001014265,2025-09-19T09:38:40
KPL,INE552U01010,2025-09-19,BSE,EQ,B,sell,False,1.0,970.0,2721700,1758252600001014265,2025-09-19T09:38:40
AWFIS,INE108V01019,2025-09-19,NSE,EQ,EQ,sell,False,1.0,606.15,1458221,1000000010515806,2025-09-19T09:53:52
AWFIS,INE108V01019,2025-09-19,NSE,EQ,EQ,sell,False,12.0,606.15,1458223,1000000010515806,2025-09-19T09:53:52
AWFIS,INE108V01019,2025-09-19,NSE,EQ,EQ,sell,False,22.0,606.15,1458222,1000000010515806,2025-09-19T09:53:52
LUXIND,INE150G01020,2025-09-19,NSE,EQ,EQ,buy,False,3.0,1389.0,406956963,1200000051422793,2025-09-19T15:29:22
LUXIND,INE150G01020,2025-09-19,NSE,EQ,EQ,buy,False,1.0,1388.0,406956962,1200000051422793,2025-09-19T15:29:22
WIPRO,INE075A01022,2025-09-22,NSE,EQ,EQ,buy,False,40.0,248.49,600088926,1300000000422533,2025-09-22T09:15:05
TATATECH,INE142M01025,2025-09-22,NSE,EQ,EQ,sell,False,1.0,710.0,600090595,1300000000430366,2025-09-22T09:15:06
TATATECH,INE142M01025,2025-09-22,NSE,EQ,EQ,sell,False,4.0,710.0,600090596,1300000000430366,2025-09-22T09:15:06
PERSISTENT,INE262H01021,2025-09-22,NSE,EQ,EQ,buy,False,1.0,5231.5,400101218,1200000000563846,2025-09-22T09:15:28
KPL,INE552U01010,2025-09-22,BSE,EQ,B,buy,False,5.0,950.0,901200,1758511800072041092,2025-09-22T09:16:57
ZAGGLE,INE07K301024,2025-09-22,NSE,EQ,EQ,buy,False,12.0,356.35,600634520,1300000004298312,2025-09-22T09:22:18
ZAGGLE,INE07K301024,2025-09-22,NSE,EQ,EQ,buy,False,1.0,356.3,600634519,1300000004298312,2025-09-22T09:22:18
NAHARINDUS,INE289A01011,2025-09-22,NSE,EQ,EQ,sell,False,50.0,120.02,400592019,1200000004869132,2025-09-22T09:25:33
PERSISTENT,INE262H01021,2025-09-22,NSE,EQ,EQ,sell,False,1.0,5303.0,400707969,1200000005986630,2025-09-22T09:28:53
LUXIND,INE150G01020,2025-09-22,NSE,EQ,EQ,sell,False,3.0,1359.0,402802221,1200000027662711,2025-09-22T11:17:54
ONGC,INE213A01029,2025-09-22,NSE,EQ,EQ,sell,False,20.0,236.03,402822171,1200000027876116,2025-09-22T11:19:19
ZAGGLE,INE07K301024,2025-09-22,NSE,EQ,EQ,buy,False,13.0,355.2,604794647,1300000039564889,2025-09-22T12:18:38
POLYPLEX,INE633B01018,2025-09-22,NSE,EQ,EQ,sell,False,5.0,1085.5,404495933,1200000045628614,2025-09-22T13:28:17
INOXWIND,INE066P01011,2025-09-22,BSE,EQ,A,sell,False,10.0,154.25,4354100,1758524834078827194,2025-09-22T13:29:07
IGPL,INE204A01010,2025-09-22,NSE,EQ,EQ,buy,False,23.0,430.0,208383378,1100000056964664,2025-09-22T14:26:17
ZAGGLE,INE07K301024,2025-09-23,NSE,EQ,EQ,sell,False,10.0,365.7,600376360,1300000002814938,2025-09-23T09:19:51
MGL,INE002S01010,2025-09-23,BSE,EQ,A,buy,False,2.0,1309.55,1397200,1758599691877100560,2025-09-23T09:27:34
SONACOMS,INE073K01018,2025-09-23,NSE,EQ,EQ,buy,False,5.0,427.2,601523009,1300000012718682,2025-09-23T09:49:52
TCS,INE467B01029,2025-09-23,NSE,EQ,EQ,buy,False,3.0,3053.6,601603188,1300000013080524,2025-09-23T09:52:01
CENTRALBK,INE483A01010,2025-09-23,BSE,EQ,A,sell,False,200.0,37.51,2093800,1758600248959755099,2025-09-23T09:52:40
CENTRALBK,INE483A01010,2025-09-23,BSE,EQ,A,sell,False,79.0,37.49,2094100,1758600248959755099,2025-09-23T09:52:40
CENTRALBK,INE483A01010,2025-09-23,BSE,EQ,A,sell,False,99.0,37.48,2094400,1758600248959755099,2025-09-23T09:52:40
ACMESOLAR,INE622W01025,2025-09-23,NSE,EQ,EQ,buy,False,26.0,283.0,7280055,1000000068866467,2025-09-23T15:12:43
ACMESOLAR,INE622W01025,2025-09-23,NSE,EQ,EQ,buy,False,1.0,283.0,7280449,1000000068866467,2025-09-23T15:12:43
ACMESOLAR,INE622W01025,2025-09-23,NSE,EQ,EQ,buy,False,7.0,283.0,7280451,1000000068866467,2025-09-23T15:12:43
ACMESOLAR,INE622W01025,2025-09-23,NSE,EQ,EQ,buy,False,1.0,283.0,7280450,1000000068866467,2025-09-23T15:12:43
PERSISTENT,INE262H01021,2025-09-24,NSE,EQ,EQ,buy,False,2.0,5200.0,400087855,1200000000490995,2025-09-24T09:15:24
PFC,INE134E01011,2025-09-24,BSE,EQ,A,sell,False,29.0,410.85,533100,1758684600016223288,2025-09-24T09:24:16
NAHARINDUS,INE289A01011,2025-09-24,BSE,EQ,B,sell,False,77.0,127.1,3094100,1758688346445404070,2025-09-24T10:42:15
NAHARINDUS,INE289A01011,2025-09-24,BSE,EQ,B,sell,False,80.0,127.15,3093900,1758688346445404070,2025-09-24T10:42:15
ZAGGLE,INE07K301024,2025-09-24,NSE,EQ,EQ,buy,False,10.0,352.4,605560619,1300000054021356,2025-09-24T13:49:15
ZAGGLE,INE07K301024,2025-09-24,NSE,EQ,EQ,buy,False,26.0,351.0,605929871,1300000057046406,2025-09-24T14:08:25
CAPITALSFB,INE646H01017,2025-09-24,NSE,EQ,EQ,buy,False,35.0,282.0,6251312,1000000060977626,2025-09-24T14:53:46
ZAGGLE,INE07K301024,2025-09-24,NSE,EQ,EQ,sell,False,10.0,351.7,606839860,1300000065724230,2025-09-24T14:59:43
ACMESOLAR,INE622W01025,2025-09-24,BSE,EQ,B,sell,False,35.0,283.1,19073300,1758705698544328720,2025-09-24T15:00:42
KPL,INE552U01010,2025-09-24,BSE,EQ,B,sell,False,1.0,956.35,8150100,1758684600005008620,2025-09-24T15:01:25
KPL,INE552U01010,2025-09-24,BSE,EQ,B,sell,False,4.0,956.4,8149900,1758684600005008620,2025-09-24T15:01:25
ZAGGLE,INE07K301024,2025-09-25,NSE,EQ,EQ,sell,False,15.0,358.0,600431949,1300000003590554,2025-09-25T09:21:39
INOXWIND,INE066P01011,2025-09-25,NSE,EQ,EQ,buy,False,11.0,147.0,200638826,1100000005824083,2025-09-25T09:26:30
ITC,INE154A01025,2025-09-25,BSE,EQ,A,buy,False,13.0,400.95,1662300,1758774829087044505,2025-09-25T10:06:38
LODHA,INE670K01029,2025-09-25,NSE,EQ,EQ,buy,False,3.0,1162.0,402382612,1200000025948993,2025-09-25T10:45:03
JMFINANCIL,INE780C01023,2025-09-25,NSE,EQ,EQ,buy,False,59.0,168.0,203953344,1100000040908971,2025-09-25T12:05:14
PPLPHARMA,INE0DK501011,2025-09-26,NSE,EQ,EQ,buy,False,52.0,192.0,400042847,1200000000313985,2025-09-26T09:15:09
ITC,INE154A01025,2025-09-26,BSE,EQ,A,buy,False,13.0,400.8,334700,1758857400161177543,2025-09-26T09:18:57
HCLTECH,INE860A01027,2025-09-26,NSE,EQ,EQ,buy,False,6.0,1410.0,200413730,1100000002703653,2025-09-26T09:18:58
PNCINFRA,INE195J01029,2025-09-26,NSE,EQ,EQ,buy,False,33.0,298.0,400348776,1200000002921500,2025-09-26T09:20:03
STERTOOLS,INE334A01023,2025-09-26,NSE,EQ,EQ,buy,False,31.0,315.0,601016588,1300000004261669,2025-09-26T09:21:57
PNBGILTS,INE859A01011,2025-09-26,NSE,EQ,EQ,buy,False,103.0,97.05,400679364,1200000006372181,2025-09-26T09:27:47
AWFIS,INE108V01019,2025-09-26,NSE,EQ,EQ,buy,False,17.0,565.0,6512804,1000000072724490,2025-09-26T15:01:50
AMJLAND,INE606A01024,2025-09-26,NSE,EQ,EQ,buy,False,72.0,54.0,7330431,1000000077209385,2025-09-26T15:28:02
AMJLAND,INE606A01024,2025-09-26,NSE,EQ,EQ,buy,False,1.0,54.0,7330332,1000000077209385,2025-09-26T15:28:02
AMJLAND,INE606A01024,2025-09-26,NSE,EQ,EQ,buy,False,36.0,54.0,7328375,1000000077209385,2025-09-26T15:28:02
AMJLAND,INE606A01024,2025-09-26,NSE,EQ,EQ,buy,False,36.0,54.0,7328376,1000000077209385,2025-09-26T15:28:02
AMJLAND,INE606A01024,2025-09-26,NSE,EQ,EQ,buy,False,40.0,54.0,7328377,1000000077209385,2025-09-26T15:28:02
ZAGGLE,INE07K301024,2025-09-29,NSE,EQ,EQ,buy,False,16.0,351.45,600131125,1300000000432773,2025-09-29T09:15:08
KPL,INE552U01010,2025-09-29,BSE,EQ,B,buy,False,5.0,911.1,165900,1759116600007030086,2025-09-29T09:15:34
KPL,INE552U01010,2025-09-29,BSE,EQ,B,buy,False,1.0,911.1,179700,1759116600007030086,2025-09-29T09:15:34
INOXWIND,INE066P01011,2025-09-29,NSE,EQ,EQ,buy,False,11.0,141.34,201730685,1100000016710508,2025-09-29T09:58:59
WIPRO,INE075A01022,2025-09-29,NSE,EQ,EQ,buy,False,41.0,239.75,602651594,1300000025291413,2025-09-29T10:33:48
PARAGMILK,INE883N01014,2025-09-29,NSE,EQ,EQ,buy,False,37.0,265.0,403066320,1200000037035867,2025-09-29T11:36:26
ONGC,INE213A01029,2025-09-29,BSE,EQ,A,sell,False,64.0,240.25,3334300,1759125326011720833,2025-09-29T11:52:37
ACMESOLAR,INE622W01025,2025-09-29,NSE,EQ,EQ,buy,False,35.0,279.4,5214071,1000000063021557,2025-09-29T14:19:03
PNCINFRA,INE195J01029,2025-09-29,NSE,EQ,EQ,buy,False,47.0,293.0,405658768,1200000074941773,2025-09-29T14:34:23
PNCINFRA,INE195J01029,2025-09-29,NSE,EQ,EQ,buy,False,15.0,292.95,405658767,1200000074941773,2025-09-29T14:34:23
PNCINFRA,INE195J01029,2025-09-29,NSE,EQ,EQ,buy,False,6.0,292.9,405658766,1200000074941773,2025-09-29T14:34:23
FINPIPE,INE183A01024,2025-09-29,NSE,EQ,EQ,buy,False,50.0,200.0,209258982,1100000084088512,2025-09-29T15:08:04
LODHA,INE670K01029,2025-09-30,NSE,EQ,EQ,buy,False,1.0,1162.0,400051572,1200000000382864,2025-09-30T09:15:19
DEEDEV,INE841L01016,2025-09-30,NSE,EQ,EQ,buy,False,3.0,271.6,200644737,1100000005383326,2025-09-30T09:24:53
DEEDEV,INE841L01016,2025-09-30,NSE,EQ,EQ,buy,False,2.0,271.6,200644738,1100000005383326,2025-09-30T09:24:53
DEEDEV,INE841L01016,2025-09-30,NSE,EQ,EQ,buy,False,31.0,271.6,200644739,1100000005383326,2025-09-30T09:24:53
FINPIPE,INE183A01024,2025-09-30,BSE,EQ,A,sell,False,25.0,203.25,3178100,1759204349450709705,2025-09-30T09:33:49
FINPIPE,INE183A01024,2025-09-30,BSE,EQ,A,sell,False,1.0,203.35,3177600,1759204349450709705,2025-09-30T09:33:49
FINPIPE,INE183A01024,2025-09-30,BSE,EQ,A,sell,False,24.0,203.3,3177800,1759204349450709705,2025-09-30T09:33:49
ZAGGLE,INE07K301024,2025-09-30,NSE,EQ,EQ,sell,False,15.0,358.75,601057897,1300000009231496,2025-09-30T09:34:15
PNCINFRA,INE195J01029,2025-09-30,BSE,EQ,A,sell,False,17.0,293.2,1299000,1759203000038870385,2025-09-30T09:35:19
PNCINFRA,INE195J01029,2025-09-30,BSE,EQ,A,sell,False,3.0,293.15,1299200,1759203000038870385,2025-09-30T09:35:19
TATATECH,INE142M01025,2025-09-30,NSE,EQ,EQ,buy,False,5.0,680.65,601695438,1300000015708121,2025-09-30T09:57:16
MGL,INE002S01010,2025-09-30,BSE,EQ,A,buy,False,2.0,1277.1,2168800,1759207484004639100,2025-09-30T10:42:00
ITC,INE154A01025,2025-10-01,BSE,EQ,A,sell,False,1.0,401.05,100800,1759289400018072437,2025-10-01T09:17:15
ITC,INE154A01025,2025-10-01,BSE,EQ,A,sell,False,25.0,401.1,100600,1759289400018072437,2025-10-01T09:17:15
JINDALSAW,INE324A01032,2025-10-01,NSE,EQ,EQ,buy,False,10.0,203.5,200343200,1100000003071552,2025-10-01T09:19:50
PNCINFRA,INE195J01029,2025-10-01,NSE,EQ,EQ,sell,False,1.0,293.15,400512813,1200000005159478,2025-10-01T09:26:22
PNCINFRA,INE195J01029,2025-10-01,NSE,EQ,EQ,sell,False,6.0,293.1,400512814,1200000005159478,2025-10-01T09:26:22
PNCINFRA,INE195J01029,2025-10-01,NSE,EQ,EQ,sell,False,23.0,293.1,400512815,1200000005159478,2025-10-01T09:26:22
BMW,INE374E01021,2025-10-01,BSE,EQ,B,buy,False,100.0,43.48,977100,1759289400008006434,2025-10-01T09:29:59
PPLPHARMA,INE0DK501011,2025-10-01,NSE,EQ,EQ,sell,False,52.0,194.76,400658554,1200000006913925,2025-10-01T09:31:15
PARAGMILK,INE883N01014,2025-10-01,NSE,EQ,EQ,sell,False,37.0,268.4,401099879,1200000012329552,2025-10-01T09:47:45
PNBGILTS,INE859A01011,2025-10-01,NSE,EQ,EQ,sell,False,103.0,100.6,401904169,1200000022895048,2025-10-01T10:22:03
WIPRO,INE075A01022,2025-10-01,NSE,EQ,EQ,sell,False,20.0,240.9,606387616,1300000066951935,2025-10-01T14:22:25
KPL,INE552U01010,2025-10-03,BSE,EQ,B,buy,False,10.0,917.6,134600,1759462200157038062,2025-10-03T09:15:01
FINPIPE,INE183A01024,2025-10-03,NSE,EQ,EQ,buy,False,50.0,200.1,200188015,1100000000349188,2025-10-03T09:15:04
BMW,INE374E01021,2025-10-03,BSE,EQ,B,buy,False,222.0,45.0,204600,1759462200157033208,2025-10-03T09:15:51
PERSISTENT,INE262H01021,2025-10-03,NSE,EQ,EQ,buy,False,2.0,4990.3,400163218,1200000001016158,2025-10-03T09:16:19
ACMESOLAR,INE622W01025,2025-10-03,BSE,EQ,B,sell,False,1.0,286.2,633000,1759462200114272861,2025-10-03T09:17:57
ACMESOLAR,INE622W01025,2025-10-03,BSE,EQ,B,sell,False,34.0,286.15,633200,1759462200114272861,2025-10-03T09:17:57
LEHAR-X,INE976H01018,2025-10-03,BSE,EQ,X,buy,False,37.0,244.85,655000,1759462200023049074,2025-10-03T09:23:09
ZAGGLE,INE07K301024,2025-10-03,NSE,EQ,EQ,buy,False,1.0,345.8,601547605,1300000011828678,2025-10-03T09:44:14
ZAGGLE,INE07K301024,2025-10-03,NSE,EQ,EQ,buy,False,1.0,345.8,601547606,1300000011828678,2025-10-03T09:44:14
ZAGGLE,INE07K301024,2025-10-03,NSE,EQ,EQ,buy,False,1.0,345.8,601547608,1300000011828678,2025-10-03T09:44:14
ZAGGLE,INE07K301024,2025-10-03,NSE,EQ,EQ,buy,False,1.0,345.8,601547610,1300000011828678,2025-10-03T09:44:14
ZAGGLE,INE07K301024,2025-10-03,NSE,EQ,EQ,buy,False,1.0,345.8,601547612,1300000011828678,2025-10-03T09:44:14
ZAGGLE,INE07K301024,2025-10-03,NSE,EQ,EQ,buy,False,2.0,345.8,601547607,1300000011828678,2025-10-03T09:44:14
ZAGGLE,INE07K301024,2025-10-03,NSE,EQ,EQ,buy,False,2.0,345.8,601547609,1300000011828678,2025-10-03T09:44:14
ZAGGLE,INE07K301024,2025-10-03,NSE,EQ,EQ,buy,False,2.0,345.8,601547611,1300000011828678,2025-10-03T09:44:14
ZAGGLE,INE07K301024,2025-10-03,NSE,EQ,EQ,buy,False,5.0,345.8,601547613,1300000011828678,2025-10-03T09:44:14
INFY,INE009A01021,2025-10-03,NSE,EQ,EQ,buy,False,1.0,1441.0,201447697,1100000011913501,2025-10-03T09:45:41
BAJAJHFL,INE377Y01014,2025-10-03,BSE,EQ,A,buy,False,10.0,111.6,2539800,1759464181295389740,2025-10-03T09:46:48
WIPRO,INE075A01022,2025-10-03,NSE,EQ,EQ,buy,False,21.0,240.43,605790315,1300000054807635,2025-10-03T12:59:43
LEHAR-X,INE976H01018,2025-10-06,BSE,EQ,X,buy,False,3.0,250.85,2849400,1759721400001083068,2025-10-06T09:15:01
ZAGGLE,INE07K301024,2025-10-06,NSE,EQ,EQ,sell,False,10.0,346.0,600156582,1300000000800718,2025-10-06T09:15:32
AWFIS,INE108V01019,2025-10-06,BSE,EQ,B,sell,False,5.0,589.8,441300,1759721400008196868,2025-10-06T09:16:46
AWFIS,INE108V01019,2025-10-06,BSE,EQ,B,sell,False,7.0,589.65,441700,1759721400008196868,2025-10-06T09:16:46
AWFIS,INE108V01019,2025-10-06,BSE,EQ,B,sell,False,5.0,589.7,441500,1759721400008196868,2025-10-06T09:16:46
CAMPUS,INE278Y01022,2025-10-06,NSE,EQ,EQ,sell,False,37.0,274.95,285066,1000000002034425,2025-10-06T09:17:59
PERSISTENT,INE262H01021,2025-10-06,BSE,EQ,A,sell,False,1.0,5145.15,344300,1759721400013131744,2025-10-06T09:18:24
TCS,INE467B01029,2025-10-06,NSE,EQ,EQ,buy,False,1.0,2920.0,600406836,1300000002521543,2025-10-06T09:18:33
BODALCHEM,INE338D01028,2025-10-06,NSE,EQ,EQ,buy,False,59.0,63.05,378902,1000000002667287,2025-10-06T09:19:22
BODALCHEM,INE338D01028,2025-10-06,NSE,EQ,EQ,buy,False,1.0,63.02,352162,1000000002667287,2025-10-06T09:19:22
BODALCHEM,INE338D01028,2025-10-06,NSE,EQ,EQ,buy,False,39.0,63.04,352163,1000000002667287,2025-10-06T09:19:22
BODALCHEM,INE338D01028,2025-10-06,NSE,EQ,EQ,buy,False,41.0,63.05,352165,1000000002667287,2025-10-06T09:19:22
BODALCHEM,INE338D01028,2025-10-06,NSE,EQ,EQ,buy,False,19.0,63.05,352164,1000000002667287,2025-10-06T09:19:22
JINDALSAW,INE324A01032,2025-10-06,BSE,EQ,A,sell,False,10.0,207.3,1377400,1759721400013656900,2025-10-06T09:21:44
TORNTPOWER,INE813H01021,2025-10-06,NSE,EQ,EQ,buy,False,8.0,1216.5,600608135,1300000004186468,2025-10-06T09:22:07
AMJLAND,INE606A01024,2025-10-06,NSE,EQ,EQ,sell,False,35.0,54.91,563038,1000000004772487,2025-10-06T09:24:09
AMJLAND,INE606A01024,2025-10-06,NSE,EQ,EQ,sell,False,33.0,54.8,563039,1000000004772487,2025-10-06T09:24:09
AMJLAND,INE606A01024,2025-10-06,NSE,EQ,EQ,sell,False,26.0,54.75,563040,1000000004772487,2025-10-06T09:24:09
AMJLAND,INE606A01024,2025-10-06,NSE,EQ,EQ,sell,False,17.0,54.61,563042,1000000004772487,2025-10-06T09:24:09
AMJLAND,INE606A01024,2025-10-06,NSE,EQ,EQ,sell,False,74.0,54.71,563041,1000000004772487,2025-10-06T09:24:09
KPL,INE552U01010,2025-10-06,BSE,EQ,B,buy,False,1.0,910.0,757900,1759721400010033107,2025-10-06T09:25:21
INFY,INE009A01021,2025-10-06,NSE,EQ,EQ,buy,False,1.0,1449.4,200932661,1100000007455472,2025-10-06T09:29:10
HCLTECH,INE860A01027,2025-10-06,NSE,EQ,EQ,buy,False,8.0,1408.2,201519980,1100000013250163,2025-10-06T09:45:18
LEHAR-X,INE976H01018,2025-10-06,BSE,EQ,X,sell,False,15.0,255.05,5394500,1759721400001083557,2025-10-06T12:34:49
KPL,INE552U01010,2025-10-06,BSE,EQ,B,sell,False,5.0,920.05,6900300,1759721400010033605,2025-10-06T13:17:46
WIPRO,INE075A01022,2025-10-06,BSE,EQ,A,sell,False,20.0,241.4,10532900,1759739301315798273,2025-10-06T14:40:49
PERSISTENT,INE262H01021,2025-10-07,BSE,EQ,A,sell,False,3.0,5211.9,394300,1759807800023277299,2025-10-07T09:21:20
MGL,INE002S01010,2025-10-07,NSE,EQ,EQ,sell,False,2.0,1325.8,400577762,1200000005141713,2025-10-07T09:24:53
JINDALSAW,INE324A01032,2025-10-07,BSE,EQ,A,buy,False,10.0,202.95,2437600,1759810038298507310,2025-10-07T09:55:15
EPIGRAL,INE071N01016,2025-10-07,BSE,EQ,A,buy,False,1.0,1730.2,1606000,1759810474596157267,2025-10-07T09:56:42
ZAGGLE,INE07K301024,2025-10-07,NSE,EQ,EQ,buy,False,10.0,351.0,603072267,1300000025344674,2025-10-07T10:53:52
AMJLAND,INE606A01024,2025-10-07,NSE,EQ,EQ,buy,False,185.0,54.0,4055154,1000000044719330,2025-10-07T12:55:28
LODHA,INE670K01029,2025-10-07,BSE,EQ,A,buy,False,5.0,1126.8,7423300,1759819195469847119,2025-10-07T13:03:30
KPL,INE552U01010,2025-10-08,BSE,EQ,B,buy,False,5.0,892.4,140400,1759894200091020132,2025-10-08T09:16:13
JMFINANCIL,INE780C01023,2025-10-08,NSE,EQ,EQ,sell,False,24.0,175.9,200355829,1100000002481296,2025-10-08T09:18:07
JMFINANCIL,INE780C01023,2025-10-08,NSE,EQ,EQ,sell,False,35.0,175.92,200355828,1100000002481296,2025-10-08T09:18:07
LEHAR-X,INE976H01018,2025-10-08,BSE,EQ,X,buy,False,15.0,250.0,1223800,1759894200002034116,2025-10-08T09:34:15
MGL,INE002S01010,2025-10-08,NSE,EQ,EQ,sell,False,2.0,1300.0,402017736,1200000022532938,2025-10-08T10:31:37
FINPIPE,INE183A01024,2025-10-08,NSE,EQ,EQ,buy,False,51.0,194.85,203686885,1100000034072487,2025-10-08T11:06:11
NTPC,INE733E01010,2025-10-09,NSE,EQ,EQ,buy,False,30.0,332.0,400114473,1200000000701877,2025-10-09T09:15:46
KPL,INE552U01010,2025-10-09,BSE,EQ,B,sell,False,6.0,905.15,139400,1759980600039018094,2025-10-09T09:16:51
BODALCHEM,INE338D01028,2025-10-09,NSE,EQ,EQ,sell,False,20.0,61.5,535033,1000000004356949,2025-10-09T09:24:41
STERTOOLS,INE334A01023,2025-10-09,NSE,EQ,EQ,buy,False,30.0,310.9,601373108,1300000010925942,2025-10-09T09:39:55
STERTOOLS,INE334A01023,2025-10-09,NSE,EQ,EQ,buy,False,3.0,311.0,601373109,1300000010925942,2025-10-09T09:39:55
VBL,INE200M01039,2025-10-09,NSE,EQ,EQ,buy,False,22.0,439.95,605792170,1300000052807725,2025-10-09T13:27:28
INFY,INE009A01021,2025-10-09,NSE,EQ,EQ,sell,False,3.0,1500.7,206599438,1100000002657626,2025-10-09T13:48:50
FINPIPE,INE183A01024,2025-10-09,NSE,EQ,EQ,sell,False,25.0,194.75,206607601,1100000063922215,2025-10-09T13:49:18
TCS,INE467B01029,2025-10-10,BSE,EQ,A,sell,False,4.0,3020.0,301500,1760067000250294235,2025-10-10T09:16:22
BODALCHEM,INE338D01028,2025-10-10,NSE,EQ,EQ,buy,False,21.0,61.3,202712,1000000001731034,2025-10-10T09:18:01
SONACOMS,INE073K01018,2025-10-10,BSE,EQ,A,sell,False,27.0,433.7,1208800,1760067000248807910,2025-10-10T09:20:45
STERTOOLS,INE334A01023,2025-10-10,NSE,EQ,EQ,sell,False,3.0,310.5,600579170,1300000004052834,2025-10-10T09:21:14
STERTOOLS,INE334A01023,2025-10-10,NSE,EQ,EQ,sell,False,12.0,310.45,600579171,1300000004052834,2025-10-10T09:21:14
KPL,INE552U01010,2025-10-10,BSE,EQ,B,buy,False,2.0,889.9,384100,1760067000081021137,2025-10-10T09:22:31
FINPIPE,INE183A01024,2025-10-10,NSE,EQ,EQ,buy,False,21.0,194.98,200679067,1100000005477055,2025-10-10T09:24:37
FINPIPE,INE183A01024,2025-10-10,NSE,EQ,EQ,buy,False,4.0,194.98,200679066,1100000005477055,2025-10-10T09:24:37
HCLTECH,INE860A01027,2025-10-10,NSE,EQ,EQ,sell,False,14.0,1482.0,200985171,1100000007254310,2025-10-10T09:29:05
BMW,INE374E01021,2025-10-10,BSE,EQ,B,buy,False,132.0,43.61,702800,1760067000081025532,2025-10-10T09:31:10
POLYPLEX,INE633B01018,2025-10-10,BSE,EQ,B,buy,False,5.0,1009.2,3510500,1760069511320255513,2025-10-10T09:59:01
KPL,INE552U01010,2025-10-10,BSE,EQ,B,buy,False,6.0,894.7,2369400,1760067000081021300,2025-10-10T10:24:47
ZAGGLE,INE07K301024,2025-10-10,NSE,EQ,EQ,sell,False,15.0,351.15,606533224,1300000053200995,2025-10-10T13:11:40
LODHA,INE670K01029,2025-10-10,NSE,EQ,EQ,sell,False,5.0,1160.0,405821923,1200000054791765,2025-10-10T13:54:28
TATATECH,INE142M01025,2025-10-13,BSE,EQ,A,sell,False,7.0,707.0,1896200,1760326200151646873,2025-10-13T09:30:19
TATATECH,INE142M01025,2025-10-13,BSE,EQ,A,sell,False,3.0,707.0,1967700,1760326200151646873,2025-10-13T09:30:19
LUXIND,INE150G01020,2025-10-13,NSE,EQ,EQ,buy,False,4.0,1306.2,400958748,1200000008523892,2025-10-13T09:35:28
DEEDEV,INE841L01016,2025-10-13,NSE,EQ,EQ,sell,False,36.0,280.35,201330838,1100000010929145,2025-10-13T09:39:39
INFY,INE009A01021,2025-10-13,BSE,EQ,A,sell,False,3.0,1487.2,5085300,1760333629796096090,2025-10-13T11:09:19
INFY,INE009A01021,2025-10-13,BSE,EQ,A,sell,False,5.0,1487.15,5085500,1760333629796096090,2025-10-13T11:09:19
YUKEN,INE384C01016,2025-10-13,NSE,EQ,EQ,buy,False,6.0,944.6,605719069,1300000050935175,2025-10-13T13:14:13
YUKEN,INE384C01016,2025-10-13,NSE,EQ,EQ,buy,False,4.0,944.6,605719067,1300000050935175,2025-10-13T13:14:13
TORNTPOWER,INE813H01021,2025-10-14,BSE,EQ,A,sell,False,8.0,1280.85,285600,1760412600020060310,2025-10-14T09:15:27
LODHA,INE670K01029,2025-10-14,BSE,EQ,A,sell,False,5.0,1165.15,131400,1760412600023053381,2025-10-14T09:15:48
BMW,INE374E01021,2025-10-14,BSE,EQ,B,sell,False,10.0,44.31,119800,1760412600016011197,2025-10-14T09:16:21
BMW,INE374E01021,2025-10-14,BSE,EQ,B,sell,False,5.0,44.01,120000,1760412600016011197,2025-10-14T09:16:21
BMW,INE374E01021,2025-10-14,BSE,EQ,B,sell,False,85.0,44.0,120200,1760412600016011197,2025-10-14T09:16:21
FINPIPE,INE183A01024,2025-10-14,BSE,EQ,A,sell,False,1.0,192.65,1103900,1760412600018677995,2025-10-14T09:33:36
FINPIPE,INE183A01024,2025-10-14,BSE,EQ,A,sell,False,19.0,192.6,1104200,1760412600018677995,2025-10-14T09:33:36
ZAGGLE,INE07K301024,2025-10-14,NSE,EQ,EQ,buy,False,15.0,345.0,603696412,1300000028695956,2025-10-14T10:59:37
PARAGMILK,INE883N01014,2025-10-14,NSE,EQ,EQ,buy,False,37.0,265.0,403058453,1200000027720076,2025-10-14T11:04:40
PNBGILTS,INE859A01011,2025-10-14,NSE,EQ,EQ,buy,False,104.0,96.0,403802693,1200000029701332,2025-10-14T11:15:49
BDL,INE171Z01026,2025-10-14,NSE,EQ,EQ,buy,False,2.0,1495.0,2603468,1000000028978196,2025-10-14T11:20:13
BDL,INE171Z01026,2025-10-14,NSE,EQ,EQ,buy,False,4.0,1495.0,2602115,1000000028978196,2025-10-14T11:20:13
JINDALSAW,INE324A01032,2025-10-14,BSE,EQ,A,buy,False,10.0,200.0,7454500,1760420039586724549,2025-10-14T11:41:30
AWFIS,INE108V01019,2025-10-14,NSE,EQ,EQ,buy,False,2.0,565.0,3234878,1000000036673109,2025-10-14T12:07:34
AWFIS,INE108V01019,2025-10-14,NSE,EQ,EQ,buy,False,15.0,565.0,3350613,1000000036673109,2025-10-14T12:07:34
ZAGGLE,INE07K301024,2025-10-15,NSE,EQ,EQ,sell,False,7.0,354.35,601420566,1300000011085057,2025-10-15T09:40:31
ZAGGLE,INE07K301024,2025-10-15,NSE,EQ,EQ,sell,False,8.0,354.35,601420565,1300000011085057,2025-10-15T09:40:31
LEHAR-X,INE976H01018,2025-10-15,BSE,EQ,X,buy,False,1.0,245.95,1593700,1760499000007059095,2025-10-15T09:47:37
BMW,INE374E01021,2025-10-15,BSE,EQ,B,buy,False,112.0,42.7,4885800,1760499000002146626,2025-10-15T13:01:44
VBL,INE200M01039,2025-10-15,NSE,EQ,EQ,sell,False,10.0,444.55,606513504,1300000057195334,2025-10-15T13:41:05
ELECTCAST,INE086A01029,2025-10-15,BSE,EQ,A,buy,False,20.0,95.25,7330800,1760518265620629106,2025-10-15T15:05:39
DEEDEV,INE841L01016,2025-10-15,NSE,EQ,EQ,buy,False,36.0,272.0,208859151,1100000078094749,2025-10-15T15:26:53
FINPIPE,INE183A01024,2025-10-16,NSE,EQ,EQ,buy,False,13.0,193.56,200513336,1100000004064579,2025-10-16T09:21:49
FINPIPE,INE183A01024,2025-10-16,NSE,EQ,EQ,buy,False,8.0,193.5,200513335,1100000004064579,2025-10-16T09:21:49
YUKEN,INE384C01016,2025-10-16,NSE,EQ,EQ,buy,False,11.0,924.9,601035862,1300000007285771,2025-10-16T09:29:37
PNCINFRA,INE195J01029,2025-10-16,NSE,EQ,EQ,buy,False,10.0,286.5,400935478,1200000008774012,2025-10-16T09:35:22
PNCINFRA,INE195J01029,2025-10-16,NSE,EQ,EQ,buy,False,5.0,286.45,400935477,1200000008774012,2025-10-16T09:35:22
PNCINFRA,INE195J01029,2025-10-16,NSE,EQ,EQ,buy,False,1.0,286.5,400935480,1200000008774012,2025-10-16T09:35:22
PNCINFRA,INE195J01029,2025-10-16,NSE,EQ,EQ,buy,False,1.0,286.5,400935479,1200000008774012,2025-10-16T09:35:22
POLYPLEX,INE633B01018,2025-10-16,NSE,EQ,EQ,buy,False,3.0,981.3,401265540,1200000012273286,2025-10-16T09:48:04
POLYPLEX,INE633B01018,2025-10-16,NSE,EQ,EQ,buy,False,2.0,981.3,401265539,1200000012273286,2025-10-16T09:48:04
PARAGMILK,INE883N01014,2025-10-16,NSE,EQ,EQ,sell,False,36.0,278.15,401387935,1200000013564935,2025-10-16T09:53:51
PARAGMILK,INE883N01014,2025-10-16,NSE,EQ,EQ,sell,False,1.0,278.15,401387934,1200000013564935,2025-10-16T09:53:51
DBEIL,INE0OPA01019,2025-10-16,NSE,EQ,EQ,buy,False,23.0,162.31,203051131,1100000027232544,2025-10-16T10:55:42
DBEIL,INE0OPA01019,2025-10-16,NSE,EQ,EQ,buy,False,38.0,162.32,203051132,1100000027232544,2025-10-16T10:55:42
WIPRO,INE075A01022,2025-10-16,NSE,EQ,EQ,sell,False,18.0,253.89,608080599,1300000066266142,2025-10-16T14:39:24
WIPRO,INE075A01022,2025-10-16,NSE,EQ,EQ,sell,False,39.0,253.89,608080600,1300000066266142,2025-10-16T14:39:24
WIPRO,INE075A01022,2025-10-16,NSE,EQ,EQ,sell,False,5.0,253.89,608080598,1300000066266142,2025-10-16T14:39:24
INFY,INE009A01021,2025-10-17,NSE,EQ,EQ,buy,False,8.0,1450.0,200039496,1100000000318397,2025-10-17T09:15:01
ITC,INE154A01025,2025-10-17,BSE,EQ,A,buy,False,24.0,405.75,150500,1760671800041027965,2025-10-17T09:15:06
VBL,INE200M01039,2025-10-17,BSE,EQ,A,sell,False,6.0,459.4,606300,1760671800055171517,2025-10-17T09:19:38
VBL,INE200M01039,2025-10-17,BSE,EQ,A,sell,False,27.0,459.45,606100,1760671800055171517,2025-10-17T09:19:38
FINPIPE,INE183A01024,2025-10-17,BSE,EQ,A,sell,False,1.0,192.6,530900,1760671800021428220,2025-10-17T09:20:22
FINPIPE,INE183A01024,2025-10-17,BSE,EQ,A,sell,False,19.0,192.5,531200,1760671800021428220,2025-10-17T09:20:22
JINDALSAW,INE324A01032,2025-10-17,BSE,EQ,A,buy,False,1.0,201.7,483700,1760671800055179188,2025-10-17T09:20:52
JINDALSAW,INE324A01032,2025-10-17,BSE,EQ,A,buy,False,9.0,201.8,483900,1760671800055179188,2025-10-17T09:20:52
JINDALSAW,INE324A01032,2025-10-17,NSE,EQ,EQ,buy,False,6.0,200.5,204149366,1100000021179505,2025-10-17T10:20:29
DBEIL,INE0OPA01019,2025-10-17,NSE,EQ,EQ,buy,False,21.0,154.89,204134445,1100000039121821,2025-10-17T11:49:58
DBEIL,INE0OPA01019,2025-10-17,NSE,EQ,EQ,buy,False,8.0,154.89,204134446,1100000039121821,2025-10-17T11:49:58
DBEIL,INE0OPA01019,2025-10-17,NSE,EQ,EQ,buy,False,21.0,154.89,204134443,1100000039121821,2025-10-17T11:49:58
DBEIL,INE0OPA01019,2025-10-17,NSE,EQ,EQ,buy,False,15.0,154.89,204134444,1100000039121821,2025-10-17T11:49:58
WIPRO,INE075A01022,2025-10-17,NSE,EQ,EQ,buy,False,20.0,240.0,605712270,1300000051957942,2025-10-17T12:56:53
SKIPPER,INE439E01022,2025-10-20,NSE,EQ,EQ,buy,False,19.0,508.7,600588850,1300000003489823,2025-10-20T09:19:50
ZAGGLE,INE07K301024,2025-10-20,NSE,EQ,EQ,buy,False,16.0,345.0,602628566,1300000018728074,2025-10-20T10:02:42
PNBGILTS,INE859A01011,2025-10-21,NSE,EQ,EQ,buy,False,107.0,92.98,400072425,1200000000421103,2025-10-21T13:45:30
JINDALSAW,INE324A01032,2025-10-21,NSE,EQ,EQ,buy,False,20.0,190.0,201199423,1100000005156021,2025-10-21T14:04:42
BODALCHEM,INE338D01028,2025-10-21,NSE,EQ,EQ,sell,False,40.0,60.7,961007,1000000004674054,2025-10-21T14:08:42
LEHAR-X,INE976H01018,2025-10-23,BSE,EQ,X,buy,False,42.0,240.0,522500,1761190200023099063,2025-10-23T09:16:26
AWFIS,INE108V01019,2025-10-23,NSE,EQ,EQ,sell,False,17.0,612.0,270910,1000000001743930,2025-10-23T09:17:34
BODALCHEM,INE338D01028,2025-10-23,NSE,EQ,EQ,buy,False,43.0,61.47,1021726,1000000008673678,2025-10-23T09:35:53
INFY,INE009A01021,2025-10-23,NSE,EQ,EQ,sell,False,8.0,1523.5,201631745,1100000012005293,2025-10-23T09:39:47
DBEIL,INE0OPA01019,2025-10-23,NSE,EQ,EQ,sell,False,15.0,155.75,201690582,1100000012471946,2025-10-23T09:41:12
DBEIL,INE0OPA01019,2025-10-23,NSE,EQ,EQ,sell,False,10.0,155.8,201690581,1100000012471946,2025-10-23T09:41:12
LEHAR-X,INE976H01018,2025-10-23,BSE,EQ,X,sell,False,14.0,245.05,5886900,1761190200023099295,2025-10-23T13:26:51
LEHAR-X,INE976H01018,2025-10-23,BSE,EQ,X,sell,False,6.0,245.5,5886600,1761190200023099295,2025-10-23T13:26:51
INOXWIND,INE066P01011,2025-10-23,BSE,EQ,A,sell,False,20.0,153.75,5615900,1761203447770647808,2025-10-23T13:27:19
KPL,INE552U01010,2025-10-23,BSE,EQ,B,sell,False,6.0,906.1,5683600,1761190200023044541,2025-10-23T13:28:02
PFC,INE134E01011,2025-10-23,NSE,EQ,EQ,buy,False,25.0,396.0,406610941,1200000072256558,2025-10-23T15:08:53
LEHAR-X,INE976H01018,2025-10-27,BSE,EQ,X,buy,False,20.0,240.0,422300,1761535800001037051,2025-10-27T09:15:06
ZAGGLE,INE07K301024,2025-10-27,NSE,EQ,EQ,sell,False,40.0,364.1,600208618,1300000001175721,2025-10-27T09:16:10
BDL,INE171Z01026,2025-10-27,NSE,EQ,EQ,sell,False,6.0,1538.4,292422,1000000002203837,2025-10-27T09:18:48
KPL,INE552U01010,2025-10-27,BSE,EQ,B,buy,False,1.0,910.0,731200,1761535800013031082,2025-10-27T09:19:40
KPL,INE552U01010,2025-10-27,BSE,EQ,B,buy,False,1.0,910.0,647100,1761535800013031082,2025-10-27T09:19:40
KPL,INE552U01010,2025-10-27,BSE,EQ,B,buy,False,3.0,910.0,1001900,1761535800013031082,2025-10-27T09:19:40
CAPITALSFB,INE646H01017,2025-10-27,NSE,EQ,EQ,sell,False,26.0,284.1,378713,1000000003013519,2025-10-27T09:20:50
CAPITALSFB,INE646H01017,2025-10-27,NSE,EQ,EQ,sell,False,3.0,284.0,378715,1000000003013519,2025-10-27T09:20:50
CAPITALSFB,INE646H01017,2025-10-27,NSE,EQ,EQ,sell,False,6.0,284.05,378714,1000000003013519,2025-10-27T09:20:50
YUKEN,INE384C01016,2025-10-27,NSE,EQ,EQ,sell,False,1.0,930.1,600763094,1300000005767489,2025-10-27T09:26:22
YUKEN,INE384C01016,2025-10-27,NSE,EQ,EQ,sell,False,4.0,930.0,600763095,1300000005767489,2025-10-27T09:26:22
DBEIL,INE0OPA01019,2025-10-27,NSE,EQ,EQ,buy,False,26.0,155.0,201371827,1100000007794537,2025-10-27T09:30:02
VBL,INE200M01039,2025-10-28,NSE,EQ,EQ,buy,False,43.0,461.0,600056130,1300000000404604,2025-10-28T09:15:08
KPL,INE552U01010,2025-10-28,BSE,EQ,B,sell,False,3.0,891.05,200500,1761622200034012120,2025-10-28T09:17:41
KPL,INE552U01010,2025-10-28,BSE,EQ,B,sell,False,2.0,891.0,200700,1761622200034012120,2025-10-28T09:17:41
ITC,INE154A01025,2025-10-28,NSE,EQ,EQ,sell,False,24.0,421.2,200602427,1100000004567203,2025-10-28T09:21:59
WIPRO,INE075A01022,2025-10-28,NSE,EQ,EQ,sell,False,20.0,243.36,600502558,1300000003954779,2025-10-28T09:22:30
DBEIL,INE0OPA01019,2025-10-28,NSE,EQ,EQ,sell,False,4.0,157.84,200703402,1100000005421757,2025-10-28T09:23:59
DBEIL,INE0OPA01019,2025-10-28,NSE,EQ,EQ,sell,False,10.0,158.0,200703400,1100000005421757,2025-10-28T09:23:59
DBEIL,INE0OPA01019,2025-10-28,NSE,EQ,EQ,sell,False,16.0,157.85,200703401,1100000005421757,2025-10-28T09:23:59
PNBGILTS,INE859A01011,2025-10-28,NSE,EQ,EQ,sell,False,50.0,93.0,400791034,1200000007685736,2025-10-28T09:32:19
WIPRO,INE075A01022,2025-10-28,NSE,EQ,EQ,buy,False,21.0,242.8,601632112,1300000013466331,2025-10-28T09:53:03
YUKEN,INE384C01016,2025-10-28,NSE,EQ,EQ,buy,False,5.0,925.0,607156165,1300000060798696,2025-10-28T14:16:12
EPIGRAL,INE071N01016,2025-10-28,BSE,EQ,A,buy,False,1.0,1697.7,7374200,1761639384400848959,2025-10-28T14:23:56
JMFINANCIL,INE780C01023,2025-10-29,NSE,EQ,EQ,buy,False,59.0,168.0,201247984,1100000010669710,2025-10-29T09:38:36
CAPITALSFB,INE646H01017,2025-10-29,NSE,EQ,EQ,buy,False,2.0,281.15,2819868,1000000029141265,2025-10-29T11:24:43
CAPITALSFB,INE646H01017,2025-10-29,NSE,EQ,EQ,buy,False,18.0,281.3,2819870,1000000029141265,2025-10-29T11:24:43
CAPITALSFB,INE646H01017,2025-10-29,NSE,EQ,EQ,buy,False,2.0,281.0,2819865,1000000029141265,2025-10-29T11:24:43
CAPITALSFB,INE646H01017,2025-10-29,NSE,EQ,EQ,buy,False,2.0,281.05,2819866,1000000029141265,2025-10-29T11:24:43
CAPITALSFB,INE646H01017,2025-10-29,NSE,EQ,EQ,buy,False,2.0,281.1,2819867,1000000029141265,2025-10-29T11:24:43
CAPITALSFB,INE646H01017,2025-10-29,NSE,EQ,EQ,buy,False,2.0,281.2,2819869,1000000029141265,2025-10-29T11:24:43
CAPITALSFB,INE646H01017,2025-10-29,NSE,EQ,EQ,buy,False,7.0,281.35,2819871,1000000029141265,2025-10-29T11:24:43
INOXWIND,INE066P01011,2025-10-29,BSE,EQ,A,sell,False,30.0,156.05,3290900,1761716494947346915,2025-10-29T11:27:30
NTPC,INE733E01010,2025-10-29,NSE,EQ,EQ,sell,False,30.0,346.9,402825126,1200000035894820,2025-10-29T11:28:16
WIPRO,INE075A01022,2025-10-29,BSE,EQ,A,sell,False,21.0,242.35,6518200,1761714858518843347,2025-10-29T11:29:31
EPIGRAL,INE071N01016,2025-10-29,NSE,EQ,EQ,buy,False,1.0,1709.9,203916493,1100000038510169,2025-10-29T11:31:15
VBL,INE200M01039,2025-10-29,NSE,EQ,EQ,sell,False,20.0,461.0,604152030,1300000037473815,2025-10-29T11:55:55
BODALCHEM,INE338D01028,2025-10-29,NSE,EQ,EQ,sell,False,70.0,62.45,3679029,1000000037664427,2025-10-29T12:13:37
VBL,INE200M01039,2025-10-29,NSE,EQ,EQ,sell,False,10.0,493.6,605550477,1300000049770266,2025-10-29T13:10:04
VBL,INE200M01039,2025-10-29,NSE,EQ,EQ,sell,False,13.0,493.5,605550478,1300000049770266,2025-10-29T13:10:04
FIVESTAR,INE128S01021,2025-10-29,NSE,EQ,EQ,sell,False,15.0,579.25,206831370,1100000064673929,2025-10-29T13:57:12
BMW,INE374E01021,2025-10-29,BSE,EQ,B,sell,False,100.0,44.17,5772300,1761708600005158820,2025-10-29T13:58:37
LXCHEM,INE576O01020,2025-10-30,NSE,EQ,EQ,buy,False,51.0,194.78,400038478,1200000000321442,2025-10-30T09:15:06
YUKEN,INE384C01016,2025-10-30,NSE,EQ,EQ,sell,False,5.0,921.05,600116637,1300000000715157,2025-10-30T09:15:34
LEHAR-X,INE976H01018,2025-10-30,BSE,EQ,X,sell,False,20.0,237.5,308300,1761795000002046090,2025-10-30T09:18:16
ZAGGLE,INE07K301024,2025-10-30,NSE,EQ,EQ,sell,False,46.0,364.35,600412994,1300000002787605,2025-10-30T09:19:40
DEEDEV,INE841L01016,2025-10-30,NSE,EQ,EQ,buy,False,38.0,255.0,200583134,1100000004568260,2025-10-30T09:22:24
EPIGRAL,INE071N01016,2025-10-30,BSE,EQ,A,buy,False,1.0,1709.55,1874500,1761796639294118674,2025-10-30T09:32:48
PNCINFRA,INE195J01029,2025-10-30,NSE,EQ,EQ,buy,False,34.0,286.1,400775484,1200000007805329,2025-10-30T09:36:02
FIVESTAR,INE128S01021,2025-10-30,NSE,EQ,EQ,sell,False,45.0,625.0,205795767,1100000049352321,2025-10-30T13:05:58
DEEDEV,INE841L01016,2025-10-31,NSE,EQ,EQ,sell,False,15.0,259.5,203042184,1100000029062565,2025-10-31T11:01:28
VBL,INE200M01039,2025-11-03,NSE,EQ,EQ,buy,False,21.0,471.2,600082433,1300000000430751,2025-11-03T09:15:07
DBEIL,INE0OPA01019,2025-11-03,NSE,EQ,EQ,buy,False,9.0,150.53,200359706,1100000002271447,2025-11-03T09:18:00
DBEIL,INE0OPA01019,2025-11-03,NSE,EQ,EQ,buy,False,5.0,150.59,200359708,1100000002271447,2025-11-03T09:18:00
DBEIL,INE0OPA01019,2025-11-03,NSE,EQ,EQ,buy,False,9.0,150.54,200359707,1100000002271447,2025-11-03T09:18:00
DBEIL,INE0OPA01019,2025-11-03,NSE,EQ,EQ,buy,False,9.0,150.51,200359705,1100000002271447,2025-11-03T09:18:00
IGPL,INE204A01010,2025-11-03,NSE,EQ,EQ,buy,False,10.0,416.95,200404399,1100000002646621,2025-11-03T09:18:45
YUKEN,INE384C01016,2025-11-03,NSE,EQ,EQ,sell,False,26.0,980.0,602900810,1300000021829322,2025-11-03T10:19:59
PNCINFRA,INE195J01029,2025-11-03,NSE,EQ,EQ,buy,False,1.0,284.8,402441311,1200000024256211,2025-11-03T10:39:34
STERTOOLS,INE334A01023,2025-11-03,NSE,EQ,EQ,sell,False,17.0,312.8,605536270,1300000046425229,2025-11-03T12:39:31
STERTOOLS,INE334A01023,2025-11-03,NSE,EQ,EQ,sell,False,19.0,312.85,605536269,1300000046425229,2025-11-03T12:39:31
STERTOOLS,INE334A01023,2025-11-03,NSE,EQ,EQ,sell,False,2.0,313.0,605536267,1300000046425229,2025-11-03T12:39:31
STERTOOLS,INE334A01023,2025-11-03,NSE,EQ,EQ,sell,False,3.0,312.75,605536271,1300000046425229,2025-11-03T12:39:31
STERTOOLS,INE334A01023,2025-11-03,NSE,EQ,EQ,sell,False,8.0,312.85,605536268,1300000046425229,2025-11-03T12:39:31
BMW,INE374E01021,2025-11-03,BSE,EQ,B,buy,False,110.0,42.99,4128700,1762140600000110594,2025-11-03T12:39:33
PNCINFRA,INE195J01029,2025-11-03,BSE,EQ,A,sell,False,20.0,284.0,7736300,1762152087356654553,2025-11-03T12:41:16
PNBGILTS,INE859A01011,2025-11-03,NSE,EQ,EQ,buy,False,53.0,91.0,405466688,1200000048654958,2025-11-03T12:51:53
ACMESOLAR,INE622W01025,2025-11-03,NSE,EQ,EQ,buy,False,36.0,275.0,4885183,1000000047413233,2025-11-03T13:57:39
MOSCHIP,INE935B01025,2025-11-03,NSE,EQ,EQ,buy,False,40.0,247.3,406424781,1200000065628212,2025-11-03T14:51:47
NTPC,INE733E01010,2025-11-04,NSE,EQ,EQ,buy,False,30.0,333.0,401173496,1200000010379358,2025-11-04T09:48:05
IGPL,INE204A01010,2025-11-04,NSE,EQ,EQ,buy,False,7.0,408.45,202529891,1100000019521728,2025-11-04T10:21:41
IGPL,INE204A01010,2025-11-04,NSE,EQ,EQ,buy,False,7.0,408.45,202529890,1100000019521728,2025-11-04T10:21:41
DEEDEV,INE841L01016,2025-11-04,NSE,EQ,EQ,buy,False,17.0,263.0,203384890,1100000029037775,2025-11-04T11:17:56
LODHA,INE670K01029,2025-11-04,NSE,EQ,EQ,sell,False,20.0,1230.0,402703067,1200000027637712,2025-11-04T11:24:40
BDL,INE171Z01026,2025-11-04,NSE,EQ,EQ,buy,False,6.0,1495.0,4202778,1000000033857572,2025-11-04T12:31:03
DBEIL,INE0OPA01019,2025-11-04,NSE,EQ,EQ,buy,False,4.0,150.59,208427145,1100000066106496,2025-11-04T15:19:48
DBEIL,INE0OPA01019,2025-11-04,NSE,EQ,EQ,buy,False,20.0,151.0,208427147,1100000066106496,2025-11-04T15:19:48
DBEIL,INE0OPA01019,2025-11-04,NSE,EQ,EQ,buy,False,2.0,150.58,208427144,1100000066106496,2025-11-04T15:19:48
DBEIL,INE0OPA01019,2025-11-04,NSE,EQ,EQ,buy,False,40.0,150.92,208427146,1100000066106496,2025-11-04T15:19:48
LEHAR-X,INE976H01018,2025-11-06,BSE,EQ,X,buy,False,12.0,238.0,486600,1762399800001072047,2025-11-06T09:15:01
LEHAR-X,INE976H01018,2025-11-06,BSE,EQ,X,buy,False,11.0,238.0,3528000,1762399800001072047,2025-11-06T09:15:01
BODALCHEM,INE338D01028,2025-11-06,NSE,EQ,EQ,buy,False,74.0,61.45,183997,1000000000516312,2025-11-06T09:15:19
ITDC,INE353K01014,2025-11-06,NSE,EQ,EQ,buy,False,8.0,603.3,200791069,1100000005535724,2025-11-06T09:24:03
ITDC,INE353K01014,2025-11-06,NSE,EQ,EQ,buy,False,7.0,603.6,200791070,1100000005535724,2025-11-06T09:24:03
ITDC,INE353K01014,2025-11-06,NSE,EQ,EQ,buy,False,1.0,603.3,200791068,1100000005535724,2025-11-06T09:24:03
STERTOOLS,INE334A01023,2025-11-06,NSE,EQ,EQ,buy,False,33.0,300.0,601520707,1300000011773843,2025-11-06T09:44:08
ZAGGLE,INE07K301024,2025-11-06,NSE,EQ,EQ,buy,False,11.0,355.0,602295772,1300000018487840,2025-11-06T10:10:58
VAIBHAVGBL,INE884A01027,2025-11-06,NSE,EQ,EQ,buy,False,37.0,267.0,603035790,1300000019487816,2025-11-06T10:15:03
LXCHEM,INE576O01020,2025-11-06,NSE,EQ,EQ,sell,False,5.0,195.27,403832663,1200000040176559,2025-11-06T12:11:34
LXCHEM,INE576O01020,2025-11-06,NSE,EQ,EQ,sell,False,2.0,195.27,403832664,1200000040176559,2025-11-06T12:11:34
LXCHEM,INE576O01020,2025-11-06,NSE,EQ,EQ,sell,False,36.0,195.26,403832667,1200000040176559,2025-11-06T12:11:34
LXCHEM,INE576O01020,2025-11-06,NSE,EQ,EQ,sell,False,2.0,195.27,403832666,1200000040176559,2025-11-06T12:11:34
LXCHEM,INE576O01020,2025-11-06,NSE,EQ,EQ,sell,False,2.0,195.27,403832662,1200000040176559,2025-11-06T12:11:34
LXCHEM,INE576O01020,2025-11-06,NSE,EQ,EQ,sell,False,4.0,195.27,403832665,1200000040176559,2025-11-06T12:11:34
SKIPPER,INE439E01022,2025-11-06,NSE,EQ,EQ,sell,False,10.0,515.9,604707517,1300000041079592,2025-11-06T12:11:43
SKIPPER,INE439E01022,2025-11-06,NSE,EQ,EQ,sell,False,9.0,515.85,604707518,1300000041079592,2025-11-06T12:11:43
YUKEN,INE384C01016,2025-11-06,NSE,EQ,EQ,buy,False,6.0,925.0,607947594,1300000069399198,2025-11-06T14:56:32
PNBGILTS,INE859A01011,2025-11-07,NSE,EQ,EQ,buy,False,110.0,88.99,400039988,1200000000269875,2025-11-07T09:15:06
PNBGILTS,INE859A01011,2025-11-07,NSE,EQ,EQ,buy,False,2.0,89.0,400039989,1200000000269875,2025-11-07T09:15:06
AADHARHFC,INE883F01010,2025-11-07,NSE,EQ,EQ,buy,False,5.0,493.75,84415,1000000000546405,2025-11-07T09:15:24
AADHARHFC,INE883F01010,2025-11-07,NSE,EQ,EQ,buy,False,11.0,493.9,84418,1000000000546405,2025-11-07T09:15:24
AADHARHFC,INE883F01010,2025-11-07,NSE,EQ,EQ,buy,False,2.0,493.8,84416,1000000000546405,2025-11-07T09:15:24
AADHARHFC,INE883F01010,2025-11-07,NSE,EQ,EQ,buy,False,2.0,493.9,84417,1000000000546405,2025-11-07T09:15:24
ACE,INE731H01025,2025-11-07,NSE,EQ,EQ,buy,False,9.0,1040.0,89495,1000000000565821,2025-11-07T09:15:26
YUKEN,INE384C01016,2025-11-07,NSE,EQ,EQ,buy,False,14.0,925.3,600235107,1300000001669327,2025-11-07T09:17:20
YUKEN,INE384C01016,2025-11-07,NSE,EQ,EQ,buy,False,12.0,925.3,600336802,1300000001669327,2025-11-07T09:17:20
MOSCHIP,INE935B01025,2025-11-07,NSE,EQ,EQ,buy,False,25.0,233.3,401624507,1200000016021004,2025-11-07T09:57:18
MOSCHIP,INE935B01025,2025-11-07,NSE,EQ,EQ,buy,False,60.0,233.3,401624508,1200000016021004,2025-11-07T09:57:18
FINPIPE,INE183A01024,2025-11-07,NSE,EQ,EQ,buy,False,22.0,183.8,202394299,1100000022700465,2025-11-07T10:22:18
ZAGGLE,INE07K301024,2025-11-07,NSE,EQ,EQ,buy,False,45.0,355.0,602249168,1300000022456904,2025-11-07T10:29:01
ZAGGLE,INE07K301024,2025-11-07,NSE,EQ,EQ,sell,False,11.0,359.15,603642549,1300000037521062,2025-11-07T11:46:27
ZAGGLE,INE07K301024,2025-11-07,NSE,EQ,EQ,sell,False,9.0,359.15,603649955,1300000037593694,2025-11-07T11:46:47
ZAGGLE,INE07K301024,2025-11-07,NSE,EQ,EQ,sell,False,2.0,359.15,603649954,1300000037593694,2025-11-07T11:46:47
ZAGGLE,INE07K301024,2025-11-07,NSE,EQ,EQ,sell,False,1.0,358.5,603672258,1300000037857582,2025-11-07T11:48:07
ZAGGLE,INE07K301024,2025-11-07,NSE,EQ,EQ,sell,False,21.0,358.5,603672260,1300000037857582,2025-11-07T11:48:07
ZAGGLE,INE07K301024,2025-11-07,NSE,EQ,EQ,sell,False,1.0,358.5,603672259,1300000037857582,2025-11-07T11:48:07
CAPITALSFB,INE646H01017,2025-11-07,NSE,EQ,EQ,buy,False,1.0,272.0,3946858,1000000040626539,2025-11-07T12:04:44
CAPITALSFB,INE646H01017,2025-11-07,NSE,EQ,EQ,buy,False,1.0,272.0,3915425,1000000040626539,2025-11-07T12:04:44
CAPITALSFB,INE646H01017,2025-11-07,NSE,EQ,EQ,buy,False,1.0,272.0,3919699,1000000040626539,2025-11-07T12:04:44
CAPITALSFB,INE646H01017,2025-11-07,NSE,EQ,EQ,buy,False,16.0,272.0,3874245,1000000040626539,2025-11-07T12:04:44
CAPITALSFB,INE646H01017,2025-11-07,NSE,EQ,EQ,buy,False,16.0,272.0,3874246,1000000040626539,2025-11-07T12:04:44
CAPITALSFB,INE646H01017,2025-11-07,NSE,EQ,EQ,buy,False,2.0,272.0,3874248,1000000040626539,2025-11-07T12:04:44
BDL,INE171Z01026,2025-11-10,NSE,EQ,EQ,buy,False,7.0,1461.9,230501,1000000001707634,2025-11-10T09:17:28
JINDALSAW,INE324A01032,2025-11-10,BSE,EQ,A,buy,False,20.0,169.85,677100,1762745400007350996,2025-11-10T09:18:46
ZAGGLE,INE07K301024,2025-11-10,NSE,EQ,EQ,sell,False,11.0,363.0,600586760,1300000003965359,2025-11-10T09:21:13
AMJLAND,INE606A01024,2025-11-10,NSE,EQ,EQ,sell,False,24.0,53.81,477934,1000000004151130,2025-11-10T09:23:08
AMJLAND,INE606A01024,2025-11-10,NSE,EQ,EQ,sell,False,1.0,53.71,477935,1000000004151130,2025-11-10T09:23:08
AMJLAND,INE606A01024,2025-11-10,NSE,EQ,EQ,sell,False,160.0,53.82,477933,1000000004151130,2025-11-10T09:23:08
COALINDIA,INE522F01014,2025-11-10,NSE,EQ,EQ,buy,False,25.0,379.4,728016,1000000006703925,2025-11-10T09:30:39
LEHAR-X,INE976H01018,2025-11-10,BSE,EQ,X,sell,False,30.0,243.65,1443300,1762745400001068177,2025-11-10T09:33:17
YUKEN,INE384C01016,2025-11-10,NSE,EQ,EQ,sell,False,7.0,925.0,601750231,1300000014677097,2025-11-10T09:52:04
TATATECH,INE142M01025,2025-11-10,BSE,EQ,A,buy,False,5.0,680.0,3214800,1762748810615733172,2025-11-10T10:21:52
VBL,INE200M01039,2025-11-10,BSE,EQ,A,sell,False,21.0,466.65,5287800,1762749331152797902,2025-11-10T10:44:04
ZENSARTECH,INE520A01027,2025-11-10,NSE,EQ,EQ,buy,False,13.0,714.8,603571240,1300000033547208,2025-11-10T11:14:48
LEHAR-X,INE976H01018,2025-11-10,BSE,EQ,X,sell,False,93.0,278.2,4861500,1762745400001300794,2025-11-10T11:33:28
INOXWIND,INE066P01011,2025-11-10,NSE,EQ,EQ,buy,False,25.0,150.71,206327138,1100000055455710,2025-11-10T13:38:26
INOXWIND,INE066P01011,2025-11-10,NSE,EQ,EQ,buy,False,22.0,150.71,206327139,1100000055455710,2025-11-10T13:38:26
SKIPPER,INE439E01022,2025-11-10,NSE,EQ,EQ,buy,False,39.0,502.6,606920000,1300000068496334,2025-11-10T14:26:19
AADHARHFC,INE883F01010,2025-11-10,NSE,EQ,EQ,buy,False,12.0,499.95,4974883,1000000051388325,2025-11-10T14:37:12
AADHARHFC,INE883F01010,2025-11-10,NSE,EQ,EQ,buy,False,8.0,500.0,4974884,1000000051388325,2025-11-10T14:37:12
KPL,INE552U01010,2025-11-10,BSE,EQ,B,buy,False,5.0,850.0,9200600,1762745400000033589,2025-11-10T14:41:13
COALINDIA,INE522F01014,2025-11-11,NSE,EQ,EQ,sell,False,25.0,381.6,160986,1000000001200129,2025-11-11T09:16:35
SKIPPER,INE439E01022,2025-11-11,NSE,EQ,EQ,sell,False,10.0,501.1,600260514,1300000001718685,2025-11-11T09:17:00
AADHARHFC,INE883F01010,2025-11-11,NSE,EQ,EQ,sell,False,10.0,493.45,229332,1000000001844797,2025-11-11T09:17:47
MGL,INE002S01010,2025-11-11,NSE,EQ,EQ,buy,False,2.0,1234.0,402363433,1200000024007660,2025-11-11T10:52:58
STERTOOLS,INE334A01023,2025-11-12,NSE,EQ,EQ,sell,False,33.0,307.5,600331845,1300000002458234,2025-11-12T09:18:34
MOSCHIP,INE935B01025,2025-11-12,BSE,EQ,A,sell,False,14.0,228.4,1053100,1762918200016530587,2025-11-12T09:22:32
MOSCHIP,INE935B01025,2025-11-12,BSE,EQ,A,sell,False,1.0,228.5,1052900,1762918200016530587,2025-11-12T09:22:32
PFC,INE134E01011,2025-11-12,NSE,EQ,EQ,buy,False,52.0,379.9,400625884,1200000005689474,2025-11-12T09:28:10
MOSCHIP,INE935B01025,2025-11-12,NSE,EQ,EQ,buy,False,1.0,233.95,400693495,1200000006346240,2025-11-12T09:30:09
KPL,INE552U01010,2025-11-12,BSE,EQ,B,sell,False,8.0,901.2,790000,1762918200007017898,2025-11-12T09:35:19
KPL,INE552U01010,2025-11-12,BSE,EQ,B,sell,False,2.0,901.0,790300,1762918200007017898,2025-11-12T09:35:19
AWFIS,INE108V01019,2025-11-12,NSE,EQ,EQ,buy,False,17.0,565.0,1956713,1000000017893502,2025-11-12T10:12:11
ITDC,INE353K01014,2025-11-12,NSE,EQ,EQ,buy,False,17.0,592.0,207831903,1100000017987244,2025-11-12T10:12:29
ZENSARTECH,INE520A01027,2025-11-13,BSE,EQ,A,sell,False,13.0,740.6,969800,1763004600291600190,2025-11-13T09:29:10
VAIBHAVGBL,INE884A01027,2025-11-13,NSE,EQ,EQ,sell,False,22.0,270.05,600833876,1300000006402128,2025-11-13T09:29:38
VAIBHAVGBL,INE884A01027,2025-11-13,NSE,EQ,EQ,sell,False,15.0,270.15,600833875,1300000006402128,2025-11-13T09:29:38
ITDC,INE353K01014,2025-11-13,BSE,EQ,B,sell,False,9.0,592.65,1333200,1763004600020539412,2025-11-13T09:30:40
ITDC,INE353K01014,2025-11-13,BSE,EQ,B,sell,False,1.0,592.6,1333400,1763004600020539412,2025-11-13T09:30:40
JMFINANCIL,INE780C01023,2025-11-13,NSE,EQ,EQ,sell,False,20.0,162.32,202354457,1100000018041999,2025-11-13T10:02:09
AADHARHFC,INE883F01010,2025-11-13,NSE,EQ,EQ,buy,False,1.0,499.15,1717715,1000000017144221,2025-11-13T10:17:43
AADHARHFC,INE883F01010,2025-11-13,NSE,EQ,EQ,buy,False,9.0,499.35,1717716,1000000017144221,2025-11-13T10:17:43
KPL,INE552U01010,2025-11-13,BSE,EQ,B,sell,False,15.0,941.6,5771300,1763004600033213858,2025-11-13T13:45:27
KPL,INE552U01010,2025-11-13,BSE,EQ,B,sell,False,8.0,941.65,5771100,1763004600033213858,2025-11-13T13:45:27
YUKEN,INE384C01016,2025-11-13,NSE,EQ,EQ,buy,False,1.0,908.0,606847268,1300000055157416,2025-11-13T14:35:36
YUKEN,INE384C01016,2025-11-13,NSE,EQ,EQ,buy,False,3.0,908.0,606849267,1300000055157416,2025-11-13T14:35:36
YUKEN,INE384C01016,2025-11-13,NSE,EQ,EQ,buy,False,1.0,908.0,606848110,1300000055157416,2025-11-13T14:35:36
YUKEN,INE384C01016,2025-11-13,NSE,EQ,EQ,buy,False,1.0,908.0,606847495,1300000055157416,2025-11-13T14:35:36
YUKEN,INE384C01016,2025-11-13,NSE,EQ,EQ,buy,False,1.0,908.0,606846359,1300000055157416,2025-11-13T14:35:36
ITC,INE154A01025,2025-11-14,BSE,EQ,A,buy,False,24.0,402.0,254700,1763091000006077634,2025-11-14T09:17:17
BDL,INE171Z01026,2025-11-14,BSE,EQ,A,sell,False,13.0,1620.2,2302700,1763092352856064691,2025-11-14T09:24:33
AADHARHFC,INE883F01010,2025-11-14,NSE,EQ,EQ,sell,False,8.0,493.85,459131,1000000004605242,2025-11-14T09:26:07
AADHARHFC,INE883F01010,2025-11-14,NSE,EQ,EQ,sell,False,2.0,493.9,459130,1000000004605242,2025-11-14T09:26:07
SKIPPER,INE439E01022,2025-11-14,NSE,EQ,EQ,buy,False,10.0,495.0,601288998,1300000010235907,2025-11-14T09:44:02
AMJLAND,INE606A01024,2025-11-14,NSE,EQ,EQ,buy,False,188.0,53.0,1209875,1000000011616632,2025-11-14T09:56:48
FINPIPE,INE183A01024,2025-11-14,NSE,EQ,EQ,buy,False,52.0,190.0,207055884,1100000061136257,2025-11-14T14:30:50
AMJLAND,INE606A01024,2025-11-17,NSE,EQ,EQ,sell,False,13.0,54.01,145864,1000000000941238,2025-11-17T09:16:15
AMJLAND,INE606A01024,2025-11-17,NSE,EQ,EQ,sell,False,20.0,54.0,145866,1000000000941238,2025-11-17T09:16:15
AMJLAND,INE606A01024,2025-11-17,NSE,EQ,EQ,sell,False,41.0,54.3,145863,1000000000941238,2025-11-17T09:16:15
AMJLAND,INE606A01024,2025-11-17,NSE,EQ,EQ,sell,False,50.0,54.0,145865,1000000000941238,2025-11-17T09:16:15
AMJLAND,INE606A01024,2025-11-17,NSE,EQ,EQ,sell,False,55.0,53.76,145867,1000000000941238,2025-11-17T09:16:15
AMJLAND,INE606A01024,2025-11-17,NSE,EQ,EQ,sell,False,9.0,53.7,145868,1000000000941238,2025-11-17T09:16:15
AWFIS,INE108V01019,2025-11-17,NSE,EQ,EQ,sell,False,17.0,571.0,215788,1000000001497837,2025-11-17T09:17:19
SKIPPER,INE439E01022,2025-11-17,NSE,EQ,EQ,sell,False,10.0,497.7,600323637,1300000001916044,2025-11-17T09:17:41
PFC,INE134E01011,2025-11-17,BSE,EQ,A,sell,False,15.0,377.5,933500,1763350200018342994,2025-11-17T09:22:56
DBEIL,INE0OPA01019,2025-11-18,NSE,EQ,EQ,buy,False,1.0,137.45,204040344,1100000030254234,2025-11-18T11:05:12
YUKEN,INE384C01016,2025-11-18,NSE,EQ,EQ,sell,False,6.0,918.55,605248836,1300000045557564,2025-11-18T14:13:26
JMFINANCIL,INE780C01023,2025-11-19,NSE,EQ,EQ,buy,False,23.0,150.19,200812466,1100000006143906,2025-11-19T09:25:25
PPLPHARMA,INE0DK501011,2025-11-19,NSE,EQ,EQ,buy,False,52.0,190.0,401121383,1200000009675072,2025-11-19T09:40:32
PNCINFRA,INE195J01029,2025-11-19,NSE,EQ,EQ,buy,False,22.0,268.1,403320070,1200000028509478,2025-11-19T11:31:10
MOSCHIP,INE935B01025,2025-11-19,NSE,EQ,EQ,buy,False,16.0,226.45,404332827,1200000037208381,2025-11-19T12:36:14
PPLPHARMA,INE0DK501011,2025-11-19,NSE,EQ,EQ,sell,False,52.0,190.59,404347796,1200000037339706,2025-11-19T12:37:13
CAMPUS,INE278Y01022,2025-11-19,NSE,EQ,EQ,buy,False,37.0,265.0,4838948,1000000046334280,2025-11-19T14:17:40
ZENSARTECH,INE520A01027,2025-11-20,NSE,EQ,EQ,buy,False,14.0,729.6,600120543,1300000000665173,2025-11-20T09:15:30
ITC,INE154A01025,2025-11-20,BSE,EQ,A,sell,False,11.0,404.2,138800,1763609400027021153,2025-11-20T09:16:18
ITC,INE154A01025,2025-11-20,BSE,EQ,A,sell,False,13.0,404.15,139000,1763609400027021153,2025-11-20T09:16:18
CAMPUS,INE278Y01022,2025-11-20,BSE,EQ,A,sell,False,18.0,263.75,354400,1763609400027239719,2025-11-20T09:18:01
CAMPUS,INE278Y01022,2025-11-20,BSE,EQ,A,sell,False,5.0,264.0,354000,1763609400027239719,2025-11-20T09:18:01
CAMPUS,INE278Y01022,2025-11-20,BSE,EQ,A,sell,False,1.0,263.9,354200,1763609400027239719,2025-11-20T09:18:01
CAMPUS,INE278Y01022,2025-11-20,BSE,EQ,A,sell,False,13.0,263.7,354600,1763609400027239719,2025-11-20T09:18:01
CAPITALSFB,INE646H01017,2025-11-20,NSE,EQ,EQ,sell,False,1.0,274.5,399109,1000000003838011,2025-11-20T09:26:03
CAPITALSFB,INE646H01017,2025-11-20,NSE,EQ,EQ,sell,False,9.0,274.55,399108,1000000003838011,2025-11-20T09:26:03
CAPITALSFB,INE646H01017,2025-11-20,NSE,EQ,EQ,sell,False,10.0,274.5,399110,1000000003838011,2025-11-20T09:26:03
STERTOOLS,INE334A01023,2025-11-20,NSE,EQ,EQ,buy,False,14.0,290.25,602612050,1300000021380010,2025-11-20T10:50:51
STERTOOLS,INE334A01023,2025-11-20,NSE,EQ,EQ,buy,False,89.0,290.35,602612051,1300000021380010,2025-11-20T10:50:51
MGL,INE002S01010,2025-11-20,BSE,EQ,A,buy,False,2.0,1227.85,3339900,1763616009592017900,2025-11-20T10:55:53
AADHARHFC,INE883F01010,2025-11-20,NSE,EQ,EQ,buy,False,10.0,485.4,1953526,1000000018335402,2025-11-20T11:02:27
YUKEN,INE384C01016,2025-11-20,NSE,EQ,EQ,buy,False,6.0,908.0,604309802,1300000035439287,2025-11-20T12:29:23
ITDC,INE353K01014,2025-11-20,NSE,EQ,EQ,buy,False,2.0,591.05,204926097,1100000039544407,2025-11-20T12:39:17
ITDC,INE353K01014,2025-11-20,NSE,EQ,EQ,buy,False,8.0,591.1,204926098,1100000039544407,2025-11-20T12:39:17
YUKEN,INE384C01016,2025-11-21,NSE,EQ,EQ,sell,False,6.0,918.55,600325338,1300000002891818,2025-11-21T09:20:27
ACE,INE731H01025,2025-11-24,NSE,EQ,EQ,buy,False,10.0,982.0,465260,1000000000931665,2025-11-24T09:16:22
AADHARHFC,INE883F01010,2025-11-25,NSE,EQ,EQ,sell,False,2.0,488.4,100936,1000000000771644,2025-11-25T09:16:07
AADHARHFC,INE883F01010,2025-11-25,NSE,EQ,EQ,sell,False,10.0,488.6,100935,1000000000771644,2025-11-25T09:16:07
MGL,INE002S01010,2025-11-25,BSE,EQ,A,buy,False,1.0,1215.55,633100,1764041400006471699,2025-11-25T09:21:24
INOXWIND,INE066P01011,2025-11-26,NSE,EQ,EQ,buy,False,30.0,138.1,200536310,1100000004257430,2025-11-26T09:24:54
POLYPLEX,INE633B01018,2025-11-26,NSE,EQ,EQ,buy,False,1.0,850.9,400606119,1200000004880595,2025-11-26T09:29:06
POLYPLEX,INE633B01018,2025-11-26,NSE,EQ,EQ,buy,False,4.0,850.9,400589966,1200000004880595,2025-11-26T09:29:06
ZENSARTECH,INE520A01027,2025-11-26,NSE,EQ,EQ,sell,False,5.0,731.05,603177278,1300000025644367,2025-11-26T11:36:08
SKIPPER,INE439E01022,2025-11-26,NSE,EQ,EQ,buy,False,4.0,476.85,604602611,1300000039135371,2025-11-26T13:07:53
SKIPPER,INE439E01022,2025-11-26,NSE,EQ,EQ,buy,False,1.0,476.85,604602610,1300000039135371,2025-11-26T13:07:53
SKIPPER,INE439E01022,2025-11-26,NSE,EQ,EQ,buy,False,6.0,476.65,604602609,1300000039135371,2025-11-26T13:07:53
YUKEN,INE384C01016,2025-11-27,NSE,EQ,EQ,sell,False,10.0,920.0,600956571,1300000007746583,2025-11-27T09:37:12
STERTOOLS,INE334A01023,2025-11-27,NSE,EQ,EQ,sell,False,20.0,282.65,601113136,1300000009100914,2025-11-27T09:43:08
PFC,INE134E01011,2025-11-27,NSE,EQ,EQ,buy,False,17.0,366.75,401830309,1200000018767441,2025-11-27T10:39:04
IGPL,INE204A01010,2025-11-27,NSE,EQ,EQ,buy,False,26.0,383.0,207817530,1100000062001987,2025-11-27T15:28:37
ZENSARTECH,INE520A01027,2025-11-28,NSE,EQ,EQ,sell,False,9.0,745.6,600223324,1300000001896651,2025-11-28T09:18:06
ITDC,INE353K01014,2025-11-28,NSE,EQ,EQ,sell,False,2.0,589.0,202224831,1100000021698738,2025-11-28T10:45:12
ITDC,INE353K01014,2025-11-28,NSE,EQ,EQ,sell,False,8.0,589.05,202224830,1100000021698738,2025-11-28T10:45:12
PNBGILTS,,2025-12-04,NSE,EQ,EQ,SELL,False,20.0,85.24,401360906,251204220419771,2025-12-04 10:04:06
PNBGILTS,,2025-12-09,NSE,EQ,EQ,BUY,False,1.0,82.2,403550309,251209221004432,2025-12-09 11:21:39
TATATECH,,2025-12-09,BSE,EQ,EQ,BUY,False,5.0,655.0,7769200,251209221297543,2025-12-09 12:24:51
JMFINANCIL,,2025-12-10,NSE,EQ,EQ,BUY,False,23.0,141.13,200223037,251210220063990,2025-12-10 09:16:46
ITDC,,2025-12-10,NSE,EQ,EQ,BUY,False,1.0,558.0,200801111,251210220177141,2025-12-10 09:28:24
ITDC,,2025-12-10,NSE,EQ,EQ,BUY,False,10.0,558.2,201030703,251210220177141,2025-12-10 09:28:24
TATATECH,,2025-12-22,NSE,EQ,EQ,SELL,False,44.0,666.0,602262096,251222220343116,2025-12-22 09:49:33
TATATECH,,2025-12-22,NSE,EQ,EQ,BUY,False,10.0,665.65,604119983,251222220738444,2025-12-22 11:42:43
TATATECH,,2025-12-22,NSE,EQ,EQ,BUY,False,34.0,665.7,604119984,251222220738444,2025-12-22 11:42:43
ITDC,,2025-12-23,NSE,EQ,EQ,SELL,False,2.0,575.3,202941427,251223220677612,2025-12-23 10:48:14
ITDC,,2025-12-23,NSE,EQ,EQ,SELL,False,8.0,575.25,202941428,251223220677612,2025-12-23 10:48:14
JMFINANCIL,,2025-12-24,BSE,EQ,EQ,SELL,False,11.0,144.9,992900,251224220096629,2025-12-24 09:19:19
JMFINANCIL,,2025-12-24,BSE,EQ,EQ,SELL,False,9.0,144.85,993100,251224220096629,2025-12-24 09:19:19
STERTOOLS,,2025-12-24,NSE,EQ,EQ,SELL,False,3.0,284.0,603572126,251224220758718,2025-12-24 11:32:39
STERTOOLS,,2025-12-24,NSE,EQ,EQ,SELL,False,5.0,284.0,603572127,251224220758718,2025-12-24 11:32:39
STERTOOLS,,2025-12-24,NSE,EQ,EQ,SELL,False,22.0,284.0,603572128,251224220758718,2025-12-24 11:32:39
ITDC,,2025-12-26,NSE,EQ,EQ,SELL,False,1.0,619.95,204255721,251226220722446,2025-12-26 11:54:18
ITDC,,2025-12-26,NSE,EQ,EQ,SELL,False,16.0,619.7,204255722,251226220722446,2025-12-26 11:54:18
ITDC,,2025-12-26,NSE,EQ,EQ,SELL,False,7.0,619.65,204255723,251226220722446,2025-12-26 11:54:18
CAPITALSFB,,2025-12-26,NSE,EQ,EQ,BUY,False,1.0,264.4,2976858,251226220946565,2025-12-26 13:32:03
CAPITALSFB,,2025-12-26,NSE,EQ,EQ,BUY,False,20.0,264.4,3036019,251226220946565,2025-12-26 13:32:03
