symbol,isin,trade_date,exchange,segment,series,trade_type,auction,quantity,price,trade_id,order_id,order_execution_time
BAJAJHFL,INE377Y01014,2025-06-02,NSE,EQ,EQ,buy,false,1.000000,122.390000,5243244,1000000049655914,2025-06-02T13:34:25
YUKEN,INE384C01016,2025-06-03,NSE,EQ,EQ,sell,false,11.000000,1053.100000,601487562,1300000009407360,2025-06-03T09:37:33
YUKEN,INE384C01016,2025-06-03,NSE,EQ,EQ,sell,false,2.000000,1052.800000,601487563,1300000009407360,2025-06-03T09:37:33
HINDCOPPER,INE531E01026,2025-06-03,NSE,EQ,EQ,sell,false,50.000000,252.000000,202925331,1100000021780954,2025-06-03T10:16:40
HERANBA-T,INE694N01015,2025-06-03,BSE,EQ,T,sell,false,15.000000,298.800000,161900,1748923200000000043,2025-06-03T10:34:04
FINPIPE,INE183A01024,2025-06-04,NSE,EQ,EQ,buy,false,46.000000,217.670000,200265366,1100000000276190,2025-06-04T09:15:00
FIVESTAR,INE128S01021,2025-06-04,NSE,EQ,EQ,buy,false,4.000000,684.950000,200045560,1100000000321337,2025-06-04T09:15:03
ITC,INE154A01025,2025-06-04,NSE,EQ,EQ,buy,false,23.000000,418.000000,200062435,1100000000411310,2025-06-04T09:15:10
IRFC,INE053F01010,2025-06-04,NSE,EQ,EQ,sell,false,120.000000,140.100000,201129580,1100000008594460,2025-06-04T09:35:32
BBL,INE464A01036,2025-06-04,NSE,EQ,EQ,buy,false,1.000000,2899.900000,2531152,1000000022887552,2025-06-04T10:45:12
COALINDIA,INE522F01014,2025-06-04,NSE,EQ,EQ,buy,false,25.000000,393.450000,3695398,1000000034107470,2025-06-04T12:02:41
PNCINFRA,INE195J01029,2025-06-05,NSE,EQ,EQ,sell,false,10.000000,300.000000,401362222,1200000011136622,2025-06-05T09:47:37
VBL,INE200M01039,2025-06-05,NSE,EQ,EQ,buy,false,21.000000,472.500000,601956528,1300000013632358,2025-06-05T09:53:40
PNCINFRA,INE195J01029,2025-06-05,NSE,EQ,EQ,sell,false,10.000000,316.500000,402488164,1200000021261452,2025-06-05T10:37:59
BBL,INE464A01036,2025-06-06,NSE,EQ,EQ,sell,false,1.000000,3039.300000,492710,1000000002956161,2025-06-06T09:19:37
RPGLIFE,INE105J01010,2025-06-06,NSE,EQ,EQ,buy,false,1.000000,2138.300000,606178760,1300000051925267,2025-06-06T13:14:03
RPGLIFE,INE105J01010,2025-06-06,NSE,EQ,EQ,buy,false,3.000000,2138.400000,606178761,1300000051925267,2025-06-06T13:14:03
FIVESTAR,INE128S01021,2025-06-06,NSE,EQ,EQ,sell,false,24.000000,735.000000,206958039,1100000059622334,2025-06-06T13:21:28
PNCINFRA,INE195J01029,2025-06-09,NSE,EQ,EQ,sell,false,10.000000,318.850000,402215091,1200000016805863,2025-06-09T10:05:35
JPPOWER,INE351F01018,2025-06-10,BSE,EQ,A,sell,false,800.000000,17.300000,1612100,1749526200005620496,2025-06-10T09:22:56
DHARMAJ-BE,INE00OQ01016,2025-06-10,NSE,EQ,BE,sell,false,50.000000,263.000000,205330024,1100000039381063,2025-06-10T12:05:31
DHARMAJ-BE,INE00OQ01016,2025-06-10,NSE,EQ,BE,sell,false,30.000000,263.000000,205448227,1100000039381063,2025-06-10T12:05:31
ELECTCAST,INE086A01029,2025-06-10,BSE,EQ,A,sell,false,30.000000,116.050000,6223300,1749541090271808035,2025-06-10T14:17:13
ELECTCAST,INE086A01029,2025-06-11,NSE,EQ,EQ,sell,false,20.000000,123.570000,204147007,1100000032422256,2025-06-11T11:19:11
M&MFIN,INE774D01024,2025-06-12,NSE,EQ,EQ,sell,false,55.000000,275.800000,403600903,1200000037343592,2025-06-12T11:45:37
M&MFIN,INE774D01024,2025-06-12,NSE,EQ,EQ,sell,false,3.000000,275.800000,403600901,1200000037343592,2025-06-12T11:45:37
M&MFIN,INE774D01024,2025-06-12,NSE,EQ,EQ,sell,false,2.000000,275.800000,403600902,1200000037343592,2025-06-12T11:45:37
SHAILY,INE151G01028,2025-06-12,NSE,EQ,EQ,buy,false,1.000000,1775.900000,606599754,1300000052877144,2025-06-12T13:07:00
SHAILY,INE151G01028,2025-06-12,NSE,EQ,EQ,buy,false,1.000000,1775.900000,606599752,1300000052877144,2025-06-12T13:07:00
SHAILY,INE151G01028,2025-06-12,NSE,EQ,EQ,buy,false,1.000000,1775.900000,606599753,1300000052877144,2025-06-12T13:07:00
SHAILY,INE151G01028,2025-06-12,NSE,EQ,EQ,buy,false,4.000000,1776.000000,606599755,1300000052877144,2025-06-12T13:07:00
BBL,INE464A01036,2025-06-12,NSE,EQ,EQ,buy,false,3.000000,2967.100000,5467551,1000000051466576,2025-06-12T14:09:31
TATATECH,INE142M01025,2025-06-12,NSE,EQ,EQ,sell,false,3.000000,765.350000,609466871,1300000076741910,2025-06-12T14:58:56
COALINDIA,INE522F01014,2025-06-13,BSE,EQ,A,buy,false,25.000000,388.150000,238600,1749785400114041168,2025-06-13T09:15:09
NCC,INE868B01028,2025-06-13,NSE,EQ,EQ,buy,false,42.000000,226.230000,400083583,1200000000378827,2025-06-13T09:15:11
INDUSTOWER,INE121J01017,2025-06-13,NSE,EQ,EQ,buy,false,26.000000,376.650000,200124924,1100000000515722,2025-06-13T09:15:11
ITC,INE154A01025,2025-06-13,NSE,EQ,EQ,buy,false,23.000000,415.000000,208367812,1100000073728910,2025-06-13T14:06:20
VBL,INE200M01039,2025-06-16,NSE,EQ,EQ,buy,false,20.000000,460.000000,603610508,1300000031102552,2025-06-16T10:42:28
BBL,INE464A01036,2025-06-17,NSE,EQ,EQ,buy,false,3.000000,2950.000000,41298,1000000000274945,2025-06-17T09:15:03
POLYPLEX,INE633B01018,2025-06-17,NSE,EQ,EQ,buy,false,7.000000,1250.000000,404255606,1200000043683493,2025-06-17T12:45:21
NCC,INE868B01028,2025-06-18,NSE,EQ,EQ,buy,false,43.000000,223.450000,403562340,1200000002684421,2025-06-18T09:20:15
INFY,INE009A01021,2025-06-18,NSE,EQ,EQ,buy,false,8.000000,1632.400000,203751436,1100000036496897,2025-06-18T11:21:03
RPGLIFE,INE105J01010,2025-06-18,NSE,EQ,EQ,sell,false,4.000000,2300.000000,603774480,1300000034872026,2025-06-18T11:32:24
LXCHEM,INE576O01020,2025-06-18,NSE,EQ,EQ,buy,false,1.000000,193.580000,403156552,1200000039062028,2025-06-18T11:58:44
LXCHEM,INE576O01020,2025-06-18,NSE,EQ,EQ,buy,false,52.000000,193.570000,403156551,1200000039062028,2025-06-18T11:58:44
LXCHEM,INE576O01020,2025-06-18,NSE,EQ,EQ,buy,false,7.000000,193.560000,403156550,1200000039062028,2025-06-18T11:58:44
BAJAJHFL,INE377Y01014,2025-06-18,NSE,EQ,EQ,buy,false,20.000000,120.530000,2832759,1000000032845106,2025-06-18T12:00:27
TORNTPOWER,INE813H01021,2025-06-18,NSE,EQ,EQ,buy,false,7.000000,1385.000000,606269402,1300000049951631,2025-06-18T13:00:32
FINPIPE,INE183A01024,2025-06-19,NSE,EQ,EQ,sell,false,46.000000,230.400000,200205529,1100000001625097,2025-06-19T09:17:01
BBL,INE464A01036,2025-06-19,NSE,EQ,EQ,buy,false,4.000000,2855.000000,1862186,1000000019599821,2025-06-19T10:33:19
AGARIND,INE204E01012,2025-06-19,NSE,EQ,EQ,buy,false,10.000000,955.000000,3287140,1000000036870884,2025-06-19T12:18:46
INDUSTOWER,INE121J01017,2025-06-19,NSE,EQ,EQ,sell,false,26.000000,389.500000,208841183,1100000087690568,2025-06-19T15:19:39
SYRMA,INE0DYJ01015,2025-06-20,NSE,EQ,EQ,buy,false,18.000000,505.000000,600658210,1300000005133472,2025-06-20T09:24:10
POLYPLEX,INE633B01018,2025-06-20,NSE,EQ,EQ,buy,false,8.000000,1210.000000,403946485,1200000009470457,2025-06-20T09:35:42
ELECTCAST,INE086A01029,2025-06-20,NSE,EQ,EQ,buy,false,10.000000,124.930000,201623782,1100000015036981,2025-06-20T09:48:45
JPPOWER,INE351F01018,2025-06-23,NSE,EQ,EQ,sell,false,99.000000,17.160000,201823666,1100000017047681,2025-06-23T09:53:12
JPPOWER,INE351F01018,2025-06-23,NSE,EQ,EQ,sell,false,801.000000,17.160000,201823667,1100000017047681,2025-06-23T09:53:12
SAIL,INE114A01011,2025-06-24,NSE,EQ,EQ,buy,false,78.000000,129.000000,600208591,1300000000630922,2025-06-24T09:15:26
SYRMA,INE0DYJ01015,2025-06-24,NSE,EQ,EQ,sell,false,18.000000,530.000000,607741568,1300000077603068,2025-06-24T15:00:01
TATATECH,INE142M01025,2025-06-26,NSE,EQ,EQ,buy,false,5.000000,701.150000,602684493,1300000023366209,2025-06-26T10:38:18
IGIL,INE0Q9301021,2025-06-26,NSE,EQ,EQ,buy,false,1.000000,362.700000,203121142,1100000026428341,2025-06-26T10:43:01
IGIL,INE0Q9301021,2025-06-26,NSE,EQ,EQ,buy,false,8.000000,362.650000,203121141,1100000026428341,2025-06-26T10:43:01
IGIL,INE0Q9301021,2025-06-26,NSE,EQ,EQ,buy,false,8.000000,362.750000,203121143,1100000026428341,2025-06-26T10:43:01
IGIL,INE0Q9301021,2025-06-26,NSE,EQ,EQ,buy,false,11.000000,362.800000,203121144,1100000026428341,2025-06-26T10:43:01
JINDALSAW,INE324A01032,2025-06-26,NSE,EQ,EQ,buy,false,12.000000,241.300000,205669548,1100000050087953,2025-06-26T12:40:48
JINDALSAW,INE324A01032,2025-06-26,NSE,EQ,EQ,buy,false,19.000000,241.310000,205669549,1100000050087953,2025-06-26T12:40:48
JINDALSAW,INE324A01032,2025-06-26,NSE,EQ,EQ,buy,false,10.000000,241.290000,205669545,1100000050087953,2025-06-26T12:40:48
JINDALSAW,INE324A01032,2025-06-26,NSE,EQ,EQ,buy,false,3.000000,241.300000,205669546,1100000050087953,2025-06-26T12:40:48
JINDALSAW,INE324A01032,2025-06-26,NSE,EQ,EQ,buy,false,6.000000,241.300000,205669547,1100000050087953,2025-06-26T12:40:48
JINDALSAW,INE324A01032,2025-06-26,NSE,EQ,EQ,sell,false,50.000000,240.870000,207474266,1100000067067953,2025-06-26T14:11:15
SHAILY,INE151G01028,2025-06-26,NSE,EQ,EQ,buy,false,1.000000,1669.600000,606344594,1300000062732562,2025-06-26T14:26:11
SHAILY,INE151G01028,2025-06-26,NSE,EQ,EQ,buy,false,1.000000,1669.500000,606344593,1300000062732562,2025-06-26T14:26:11
JINDALSAW,INE324A01032,2025-06-26,NSE,EQ,EQ,buy,false,50.000000,242.000000,209979202,1100000082670022,2025-06-26T15:20:23
SHAILY,INE151G01028,2025-06-27,NSE,EQ,EQ,buy,false,3.000000,1660.000000,600097340,1300000000452577,2025-06-27T09:15:10
GAEL,INE036B01030,2025-06-27,NSE,EQ,EQ,buy,false,14.000000,113.670000,200098900,1100000000650529,2025-06-27T09:15:23
GAEL,INE036B01030,2025-06-27,NSE,EQ,EQ,buy,false,26.000000,113.670000,200098899,1100000000650529,2025-06-27T09:15:23
TATATECH,INE142M01025,2025-06-27,NSE,EQ,EQ,buy,false,5.000000,713.000000,600388261,1300000002722770,2025-06-27T09:19:25
HERANBA-BE,INE694N01015,2025-06-27,NSE,EQ,BE,sell,false,20.000000,300.000000,200669080,1100000005179611,2025-06-27T09:24:15
ELECTCAST,INE086A01029,2025-06-27,NSE,EQ,EQ,sell,false,30.000000,134.000000,203756871,1100000032579703,2025-06-27T11:00:14
BBL,INE464A01036,2025-06-27,NSE,EQ,EQ,sell,false,1.000000,3081.200000,6285888,1000000066189957,2025-06-27T14:48:47
BBL,INE464A01036,2025-06-27,NSE,EQ,EQ,sell,false,2.000000,3081.100000,6285889,1000000066189957,2025-06-27T14:48:47
BBL,INE464A01036,2025-06-27,NSE,EQ,EQ,sell,false,1.000000,3081.100000,6285890,1000000066189957,2025-06-27T14:48:47
BBL,INE464A01036,2025-06-27,NSE,EQ,EQ,sell,false,1.000000,3080.400000,6285891,1000000066189957,2025-06-27T14:48:47
GAEL,INE036B01030,2025-06-30,NSE,EQ,EQ,buy,false,20.000000,112.170000,200893870,1100000006481225,2025-06-30T09:26:18
LODHA,INE670K01029,2025-06-30,NSE,EQ,EQ,buy,false,6.000000,1399.000000,401081696,1200000009125903,2025-06-30T09:34:17
TORNTPOWER,INE813H01021,2025-06-30,NSE,EQ,EQ,sell,false,7.000000,1470.000000,608063974,1300000064796737,2025-06-30T14:07:43
HERANBA,INE694N01015,2025-07-01,NSE,EQ,EQ,sell,false,10.000000,345.000000,208203061,1100000074918489,2025-07-01T14:54:03
GOACARBON,INE426D01013,2025-07-02,BSE,EQ,B,buy,false,20.000000,493.000000,2299000,1751427000005422126,2025-07-02T09:23:17
LUXIND,INE150G01020,2025-07-02,NSE,EQ,EQ,buy,false,6.000000,1446.000000,401093059,1200000009773184,2025-07-02T09:40:19
BBL,INE464A01036,2025-07-02,BSE,EQ,A,sell,false,4.000000,3039.000000,2392400,1751429566172833587,2025-07-02T10:16:22
BBL,INE464A01036,2025-07-02,BSE,EQ,A,sell,false,1.000000,3039.050000,2392200,1751429566172833587,2025-07-02T10:16:22
ITDC,INE353K01014,2025-07-02,NSE,EQ,EQ,buy,false,4.000000,603.650000,207069708,1100000017225491,2025-07-02T14:41:38
ITDC,INE353K01014,2025-07-02,NSE,EQ,EQ,buy,false,9.000000,603.800000,207069711,1100000017225491,2025-07-02T14:41:38
ITDC,INE353K01014,2025-07-02,NSE,EQ,EQ,buy,false,1.000000,603.750000,207069710,1100000017225491,2025-07-02T14:41:38
ITDC,INE353K01014,2025-07-02,NSE,EQ,EQ,buy,false,1.000000,603.700000,207069709,1100000017225491,2025-07-02T14:41:38
ITDC,INE353K01014,2025-07-02,NSE,EQ,EQ,buy,false,1.000000,603.600000,207069707,1100000017225491,2025-07-02T14:41:38
CAPITALSFB,INE646H01017,2025-07-03,NSE,EQ,EQ,buy,false,40.000000,282.000000,442560,1000000003704405,2025-07-03T09:22:56
GOACARBON,INE426D01013,2025-07-03,BSE,EQ,B,buy,false,18.000000,483.500000,17161900,1751526254056974159,2025-07-03T13:33:26
GOACARBON,INE426D01013,2025-07-03,BSE,EQ,B,buy,false,2.000000,483.500000,15285100,1751526254056974159,2025-07-03T13:33:26
HERANBA,INE694N01015,2025-07-04,BSE,EQ,B,sell,false,40.000000,368.000000,10002300,1751614093424322315,2025-07-04T13:13:33
HGINFRA,INE926X01010,2025-07-04,NSE,EQ,EQ,buy,false,1.000000,1062.400000,206439804,1100000062397281,2025-07-04T14:46:08
HGINFRA,INE926X01010,2025-07-04,NSE,EQ,EQ,buy,false,8.000000,1062.500000,206439805,1100000062397281,2025-07-04T14:46:08
SHAILY,INE151G01028,2025-07-07,NSE,EQ,EQ,buy,false,3.000000,1645.000000,600877782,1300000006785579,2025-07-07T09:30:29
AGARIND,INE204E01012,2025-07-07,NSE,EQ,EQ,buy,false,10.000000,942.700000,2868993,1000000031421918,2025-07-07T11:53:45
FINPIPE,INE183A01024,2025-07-07,NSE,EQ,EQ,buy,false,43.000000,207.300000,204385007,1100000042546077,2025-07-07T11:54:07
FINPIPE,INE183A01024,2025-07-07,NSE,EQ,EQ,buy,false,3.000000,207.300000,204385006,1100000042546077,2025-07-07T11:54:07
POLYPLEX,INE633B01018,2025-07-07,NSE,EQ,EQ,buy,false,8.000000,1185.400000,403184851,1200000040711649,2025-07-07T11:54:30
NAHARINDUS-T,INE289A01011,2025-07-07,BSE,EQ,T,buy,false,73.000000,127.000000,5583200,1751859000023040054,2025-07-07T12:02:32
ELECTCAST,INE086A01029,2025-07-07,NSE,EQ,EQ,buy,false,10.000000,123.790000,206114359,1100000060275809,2025-07-07T13:29:36
AWFIS,INE108V01019,2025-07-08,NSE,EQ,EQ,buy,false,15.000000,622.000000,876257,1000000007395350,2025-07-08T09:35:58
COALINDIA,INE522F01014,2025-07-08,NSE,EQ,EQ,buy,false,26.000000,383.000000,2779500,1000000026277118,2025-07-08T11:08:28
INOXWIND,INE066P01011,2025-07-08,NSE,EQ,EQ,buy,false,57.000000,175.800000,207295448,1100000066789627,2025-07-08T14:51:56
SARDAEN,INE385C01021,2025-07-09,NSE,EQ,EQ,buy,false,23.000000,426.000000,600174337,1300000000443704,2025-07-09T09:15:10
SHAILY,INE151G01028,2025-07-09,NSE,EQ,EQ,buy,false,2.000000,1618.400000,607624855,1300000063345343,2025-07-09T14:56:31
SAIL,INE114A01011,2025-07-10,NSE,EQ,EQ,sell,false,78.000000,135.150000,602148668,1300000017657456,2025-07-10T10:10:44
SOLARINDS,INE343H01029,2025-07-10,NSE,EQ,EQ,buy,false,1.000000,16050.000000,605258482,1300000047926804,2025-07-10T13:15:16
PERSISTENT,INE262H01021,2025-07-11,NSE,EQ,EQ,buy,false,1.000000,5580.000000,400030150,1200000000244852,2025-07-11T09:15:02
FINPIPE,INE183A01024,2025-07-11,NSE,EQ,EQ,buy,false,48.000000,207.290000,200517696,1100000003809688,2025-07-11T09:21:17
BAJAJHFL,INE377Y01014,2025-07-11,NSE,EQ,EQ,buy,false,10.000000,121.200000,1839228,1000000017376979,2025-07-11T10:16:34
SARDAEN,INE385C01021,2025-07-11,NSE,EQ,EQ,sell,false,23.000000,458.000000,602276659,1300000019400619,2025-07-11T10:18:35
PERSISTENT,INE262H01021,2025-07-11,NSE,EQ,EQ,buy,false,1.000000,5580.000000,403015554,1200000021044875,2025-07-11T10:20:32
SOLARINDS,INE343H01029,2025-07-11,NSE,EQ,EQ,buy,false,1.000000,15500.000000,603663386,1300000028279543,2025-07-11T11:03:54
PNCINFRA,INE195J01029,2025-07-11,NSE,EQ,EQ,buy,false,10.000000,299.900000,403101268,1200000033581501,2025-07-11T11:14:47
IGIL,INE0Q9301021,2025-07-11,NSE,EQ,EQ,sell,false,11.000000,385.000000,204902878,1100000042175646,2025-07-11T12:04:24
IGIL,INE0Q9301021,2025-07-11,NSE,EQ,EQ,sell,false,4.000000,385.000000,204881290,1100000042175646,2025-07-11T12:04:24
IGIL,INE0Q9301021,2025-07-11,NSE,EQ,EQ,sell,false,3.000000,385.000000,204899849,1100000042175646,2025-07-11T12:04:24
IGIL,INE0Q9301021,2025-07-11,NSE,EQ,EQ,sell,false,1.000000,385.000000,204899855,1100000042175646,2025-07-11T12:04:24
IGIL,INE0Q9301021,2025-07-11,NSE,EQ,EQ,sell,false,1.000000,385.000000,204902891,1100000042175646,2025-07-11T12:04:24
IGIL,INE0Q9301021,2025-07-11,NSE,EQ,EQ,sell,false,8.000000,385.000000,204907245,1100000042175646,2025-07-11T12:04:24
PRICOLLTD,INE726V01018,2025-07-14,NSE,EQ,EQ,buy,false,21.000000,455.850000,400092017,1200000000522026,2025-07-14T09:15:25
DATAPATTNS,INE0IX101010,2025-07-14,NSE,EQ,EQ,buy,false,3.000000,2829.300000,200157294,1100000000809849,2025-07-14T09:15:35
DEEDEV,INE841L01016,2025-07-14,NSE,EQ,EQ,buy,false,2.000000,294.650000,200776198,1100000005858583,2025-07-14T09:24:53
DEEDEV,INE841L01016,2025-07-14,NSE,EQ,EQ,buy,false,1.000000,294.700000,200776199,1100000005858583,2025-07-14T09:24:53
DEEDEV,INE841L01016,2025-07-14,NSE,EQ,EQ,buy,false,1.000000,294.700000,200776200,1100000005858583,2025-07-14T09:24:53
DEEDEV,INE841L01016,2025-07-14,NSE,EQ,EQ,buy,false,15.000000,294.700000,200776201,1100000005858583,2025-07-14T09:24:53
DEEDEV,INE841L01016,2025-07-14,NSE,EQ,EQ,buy,false,14.000000,294.650000,200776197,1100000005858583,2025-07-14T09:24:53
ELECTCAST,INE086A01029,2025-07-14,BSE,EQ,A,buy,false,10.000000,121.150000,2757400,1752470869624480626,2025-07-14T11:39:57
INOXWIND,INE066P01011,2025-07-15,NSE,EQ,EQ,buy,false,58.000000,165.000000,207806230,1100000068480571,2025-07-15T14:54:50
ELECTCAST,INE086A01029,2025-07-16,BSE,EQ,A,buy,false,10.000000,121.000000,581100,1752636600042239340,2025-07-16T09:19:39
INOXWIND,INE066P01011,2025-07-16,NSE,EQ,EQ,buy,false,61.000000,164.850000,205593570,1100000052304277,2025-07-16T13:23:00
POLYPLEX,INE633B01018,2025-07-16,BSE,EQ,B,buy,false,10.000000,1162.300000,14549600,1752656581180931906,2025-07-16T15:09:33
POLYPLEX,INE633B01018,2025-07-16,BSE,EQ,B,buy,false,19.000000,1162.350000,14549800,1752656581180931906,2025-07-16T15:09:33
PNCINFRA,INE195J01029,2025-07-17,BSE,EQ,A,sell,false,10.000000,322.750000,6744800,1752726110070061694,2025-07-17T09:54:58
TATATECH,INE142M01025,2025-07-17,BSE,EQ,A,sell,false,5.000000,730.300000,1596700,1752725671070273350,2025-07-17T09:57:35
INOXWIND,INE066P01011,2025-07-17,BSE,EQ,A,sell,false,15.000000,168.350000,2220300,1752725205192978816,2025-07-17T10:16:46
AWFIS,INE108V01019,2025-07-17,BSE,EQ,B,sell,false,2.000000,655.000000,30796000,1752727034855586593,2025-07-17T10:18:43
AWFIS,INE108V01019,2025-07-17,BSE,EQ,B,sell,false,2.000000,655.000000,30808100,1752727034855586593,2025-07-17T10:18:43
AWFIS,INE108V01019,2025-07-17,BSE,EQ,B,sell,false,2.000000,655.000000,30808300,1752727034855586593,2025-07-17T10:18:43
AWFIS,INE108V01019,2025-07-17,BSE,EQ,B,sell,false,1.000000,655.000000,30800200,1752727034855586593,2025-07-17T10:18:43
AWFIS,INE108V01019,2025-07-17,BSE,EQ,B,sell,false,2.000000,655.000000,30807700,1752727034855586593,2025-07-17T10:18:43
AWFIS,INE108V01019,2025-07-17,BSE,EQ,B,sell,false,6.000000,655.000000,30807900,1752727034855586593,2025-07-17T10:18:43
LXCHEM,INE576O01020,2025-07-17,NSE,EQ,EQ,sell,false,60.000000,201.780000,402101797,1200000020969966,2025-07-17T10:22:20
GAEL,INE036B01030,2025-07-17,NSE,EQ,EQ,sell,false,3.000000,114.090000,202593049,1100000021932942,2025-07-17T10:33:42
GAEL,INE036B01030,2025-07-17,NSE,EQ,EQ,sell,false,11.000000,114.140000,202593047,1100000021932942,2025-07-17T10:33:42
GAEL,INE036B01030,2025-07-17,NSE,EQ,EQ,sell,false,36.000000,114.130000,202593048,1100000021932942,2025-07-17T10:33:42
POLYPLEX,INE633B01018,2025-07-17,NSE,EQ,EQ,sell,false,4.000000,1140.200000,402721147,1200000028415001,2025-07-17T11:00:44
POLYPLEX,INE633B01018,2025-07-17,NSE,EQ,EQ,sell,false,1.000000,1140.200000,402721146,1200000028415001,2025-07-17T11:00:44
VBL,INE200M01039,2025-07-18,NSE,EQ,EQ,sell,false,10.000000,485.000000,600163608,1300000001071435,2025-07-18T09:16:06
SOLARINDS,INE343H01029,2025-07-18,NSE,EQ,EQ,buy,false,1.000000,15000.000000,601989523,1300000014292800,2025-07-18T09:56:12
NAHARINDUS-BE,INE289A01011,2025-07-18,NSE,EQ,BE,sell,false,6.000000,129.100000,402034570,1200000020718758,2025-07-18T10:21:45
NAHARINDUS-BE,INE289A01011,2025-07-18,NSE,EQ,BE,sell,false,67.000000,129.060000,402034571,1200000020718758,2025-07-18T10:21:45
GAEL,INE036B01030,2025-07-18,NSE,EQ,EQ,buy,false,10.000000,111.840000,203127093,1100000026164697,2025-07-18T10:46:10
BAJAJHFL,INE377Y01014,2025-07-18,BSE,EQ,A,buy,false,10.000000,121.850000,3483900,1752814272778615700,2025-07-18T10:47:31
SHAILY,INE151G01028,2025-07-18,NSE,EQ,EQ,buy,false,1.000000,1622.700000,603185615,1300000026426927,2025-07-18T10:49:30
FINPIPE,INE183A01024,2025-07-21,BSE,EQ,A,sell,false,15.000000,208.550000,5149100,1753068600112010519,2025-07-21T09:15:19
PRICOLLTD,INE726V01018,2025-07-21,NSE,EQ,EQ,buy,false,22.000000,445.000000,402642032,1200000028697293,2025-07-21T10:50:34
MGL,INE002S01010,2025-07-21,NSE,EQ,EQ,buy,false,1.000000,1507.100000,403877600,1200000045695842,2025-07-21T12:18:03
MGL,INE002S01010,2025-07-21,NSE,EQ,EQ,buy,false,1.000000,1507.000000,403877596,1200000045695842,2025-07-21T12:18:03
MGL,INE002S01010,2025-07-21,NSE,EQ,EQ,buy,false,1.000000,1507.000000,403877597,1200000045695842,2025-07-21T12:18:03
MGL,INE002S01010,2025-07-21,NSE,EQ,EQ,buy,false,1.000000,1507.000000,403877598,1200000045695842,2025-07-21T12:18:03
MGL,INE002S01010,2025-07-21,NSE,EQ,EQ,buy,false,1.000000,1507.000000,403877599,1200000045695842,2025-07-21T12:18:03
MGL,INE002S01010,2025-07-21,NSE,EQ,EQ,buy,false,1.000000,1507.200000,403877601,1200000045695842,2025-07-21T12:18:03
CENTRALBK,INE483A01010,2025-07-21,NSE,EQ,EQ,buy,false,261.000000,38.100000,4545241,1000000050386719,2025-07-21T13:50:00
ZAGGLE,INE07K301024,2025-07-21,NSE,EQ,EQ,buy,false,24.000000,405.000000,606378100,1300000055366220,2025-07-21T13:59:46
SHAILY,INE151G01028,2025-07-22,BSE,EQ,A,sell,false,3.000000,1665.350000,139600,1753155000092017470,2025-07-22T09:17:08
VBL,INE200M01039,2025-07-22,NSE,EQ,EQ,sell,false,31.000000,485.100000,601964626,1300000015677045,2025-07-22T10:06:21
HGINFRA,INE926X01010,2025-07-22,BSE,EQ,A,sell,false,7.000000,1091.350000,1785500,1753158052062309956,2025-07-22T10:09:23
HGINFRA,INE926X01010,2025-07-22,BSE,EQ,A,sell,false,2.000000,1091.400000,1785200,1753158052062309956,2025-07-22T10:09:23
ITC,INE154A01025,2025-07-22,BSE,EQ,A,sell,false,10.000000,416.000000,8003900,1753172153482394305,2025-07-22T14:06:26
BAJAJHFL,INE377Y01014,2025-07-22,BSE,EQ,A,buy,false,10.000000,121.600000,9189000,1753175744094445825,2025-07-22T15:02:24
INFY,INE009A01021,2025-07-23,BSE,EQ,A,buy,false,2.000000,1580.000000,75700,1753241400005003457,2025-07-23T09:15:00
FINPIPE,INE183A01024,2025-07-23,NSE,EQ,EQ,buy,false,10.000000,203.500000,200475178,1100000000701196,2025-07-23T09:15:33
LODHA,INE670K01029,2025-07-23,BSE,EQ,A,buy,false,1.000000,1357.100000,1980600,1753241400004722822,2025-07-23T09:27:49
NCC,INE868B01028,2025-07-23,BSE,EQ,A,sell,false,20.000000,225.000000,2052500,1753243647716117190,2025-07-23T09:40:22
CAPITALSFB,INE646H01017,2025-07-23,BSE,EQ,B,sell,false,40.000000,316.000000,2275100,1753241400000691559,2025-07-23T10:13:48
PRICOLLTD,INE726V01018,2025-07-23,NSE,EQ,EQ,buy,false,23.000000,430.550000,403462624,1200000036914308,2025-07-23T11:31:20
GAEL,INE036B01030,2025-07-23,NSE,EQ,EQ,buy,false,30.000000,111.500000,204122101,1100000035020843,2025-07-23T11:54:14
AGARIND,INE204E01012,2025-07-23,NSE,EQ,EQ,sell,false,2.000000,964.100000,5226494,1000000055895387,2025-07-23T14:32:55
AGARIND,INE204E01012,2025-07-23,NSE,EQ,EQ,sell,false,4.000000,964.100000,5226495,1000000055895387,2025-07-23T14:32:55
AGARIND,INE204E01012,2025-07-23,NSE,EQ,EQ,sell,false,4.000000,964.150000,5226493,1000000055895387,2025-07-23T14:32:55
PERSISTENT,INE262H01021,2025-07-24,NSE,EQ,EQ,buy,false,3.000000,5240.000000,400861318,1200000000378873,2025-07-24T09:15:12
SHAILY,INE151G01028,2025-07-24,NSE,EQ,EQ,buy,false,1.000000,1635.900000,602876204,1300000025311200,2025-07-24T10:51:40
PNCINFRA,INE195J01029,2025-07-24,NSE,EQ,EQ,sell,false,10.000000,312.100000,402856209,1200000029690927,2025-07-24T10:58:13
AGARIND,INE204E01012,2025-07-24,NSE,EQ,EQ,sell,false,10.000000,960.000000,3971192,1000000044895052,2025-07-24T13:14:09
ELECTCAST,INE086A01029,2025-07-24,NSE,EQ,EQ,buy,false,20.000000,117.410000,205730602,1100000050735805,2025-07-24T13:15:47
AWFIS,INE108V01019,2025-07-24,NSE,EQ,EQ,buy,false,15.000000,613.000000,5264918,1000000058453687,2025-07-24T14:39:24
GOACARBON,INE426D01013,2025-07-24,NSE,EQ,EQ,sell,false,10.000000,485.000000,208827927,1100000072962847,2025-07-24T15:22:23
SHAILY,INE151G01028,2025-07-25,BSE,EQ,A,buy,false,1.000000,1627.950000,991400,1753414200158282872,2025-07-25T09:27:53
LUXIND,INE150G01020,2025-07-25,NSE,EQ,EQ,buy,false,2.000000,1427.400000,400747961,1200000000316237,2025-07-25T09:30:07
LUXIND,INE150G01020,2025-07-25,NSE,EQ,EQ,buy,false,2.000000,1427.500000,400747962,1200000000316237,2025-07-25T09:30:07
LUXIND,INE150G01020,2025-07-25,NSE,EQ,EQ,buy,false,2.000000,1427.400000,400747960,1200000000316237,2025-07-25T09:30:07
COALINDIA,INE522F01014,2025-07-25,NSE,EQ,EQ,sell,false,1.000000,384.000000,1050969,1000000008139047,2025-07-25T09:35:13
COALINDIA,INE522F01014,2025-07-25,NSE,EQ,EQ,sell,false,13.000000,384.000000,1050965,1000000008139047,2025-07-25T09:35:13
COALINDIA,INE522F01014,2025-07-25,NSE,EQ,EQ,sell,false,1.000000,384.000000,1050966,1000000008139047,2025-07-25T09:35:13
ONGC,INE213A01029,2025-07-25,NSE,EQ,EQ,buy,false,40.000000,243.000000,401439813,1200000011982340,2025-07-25T09:46:55
ITC,INE154A01025,2025-07-25,BSE,EQ,A,buy,false,10.000000,408.600000,2347700,1753417261259448678,2025-07-25T10:19:06
GAEL,INE036B01030,2025-07-25,NSE,EQ,EQ,buy,false,10.000000,109.230000,202539613,1100000020274989,2025-07-25T10:20:23
LODHA,INE670K01029,2025-07-25,BSE,EQ,A,buy,false,1.000000,1311.400000,2871600,1753417069751704557,2025-07-25T10:21:07
LODHA,INE670K01029,2025-07-25,NSE,EQ,EQ,buy,false,2.000000,1293.100000,402842948,1200000029621703,2025-07-25T11:01:04
FIVESTAR,INE128S01021,2025-07-25,NSE,EQ,EQ,buy,false,13.000000,695.000000,204314349,1100000035787335,2025-07-25T11:39:26
CENTRALBK,INE483A01010,2025-07-25,NSE,EQ,EQ,buy,false,262.000000,37.000000,3607864,1000000035017186,2025-07-25T11:54:01
ZAGGLE,INE07K301024,2025-07-25,NSE,EQ,EQ,buy,false,24.000000,386.000000,604172552,1300000038746005,2025-07-25T12:14:44
ITDC,INE353K01014,2025-07-25,NSE,EQ,EQ,buy,false,3.000000,590.000000,206460175,1100000055704283,2025-07-25T13:40:56
ITDC,INE353K01014,2025-07-25,NSE,EQ,EQ,buy,false,1.000000,589.900000,206460173,1100000055704283,2025-07-25T13:40:56
ITDC,INE353K01014,2025-07-25,NSE,EQ,EQ,buy,false,4.000000,589.900000,206460174,1100000055704283,2025-07-25T13:40:56
ITDC,INE353K01014,2025-07-25,NSE,EQ,EQ,buy,false,8.000000,589.800000,206460172,1100000055704283,2025-07-25T13:40:56
M&MFIN,INE774D01024,2025-07-25,NSE,EQ,EQ,buy,false,38.000000,253.000000,407378031,1200000080081421,2025-07-25T15:22:39
GOACARBON,INE426D01013,2025-07-28,BSE,EQ,B,buy,false,18.000000,470.000000,7133200,1753673400224056031,2025-07-28T09:15:00
GOACARBON,INE426D01013,2025-07-28,BSE,EQ,B,buy,false,3.000000,470.000000,7133000,1753673400224056031,2025-07-28T09:15:00
SAIL,INE114A01011,2025-07-28,NSE,EQ,EQ,buy,false,24.000000,128.490000,600048886,1300000000274282,2025-07-28T09:15:00
PRICOLLTD,INE726V01018,2025-07-28,BSE,EQ,A,sell,false,10.000000,438.200000,75500,1753673400268014161,2025-07-28T09:15:10
ZAGGLE,INE07K301024,2025-07-28,NSE,EQ,EQ,buy,false,26.000000,375.000000,600276289,1300000001186841,2025-07-28T09:16:22
LODHA,INE670K01029,2025-07-28,NSE,EQ,EQ,buy,false,9.000000,1249.400000,400279674,1200000001860097,2025-07-28T09:17:42
FINPIPE,INE183A01024,2025-07-28,NSE,EQ,EQ,sell,false,26.000000,206.040000,200356628,1100000002267132,2025-07-28T09:18:24
FINPIPE,INE183A01024,2025-07-28,NSE,EQ,EQ,sell,false,1.000000,206.040000,200356627,1100000002267132,2025-07-28T09:18:24
FINPIPE,INE183A01024,2025-07-28,NSE,EQ,EQ,sell,false,38.000000,206.030000,200356629,1100000002267132,2025-07-28T09:18:24
FINPIPE,INE183A01024,2025-07-28,NSE,EQ,EQ,sell,false,24.000000,206.200000,200356626,1100000002267132,2025-07-28T09:18:24
ITDC,INE353K01014,2025-07-28,NSE,EQ,EQ,sell,false,5.000000,584.950000,200477903,1100000003182890,2025-07-28T09:20:14
GOACARBON,INE426D01013,2025-07-28,NSE,EQ,EQ,sell,false,10.000000,475.300000,200508678,1100000003432141,2025-07-28T09:20:43
DEEDEV,INE841L01016,2025-07-28,BSE,EQ,B,sell,false,33.000000,294.000000,1064700,1753673400268014620,2025-07-28T09:21:53
M&MFIN,INE774D01024,2025-07-28,NSE,EQ,EQ,buy,false,39.000000,248.000000,403692119,1200000035529065,2025-07-28T11:13:16
NCC,INE868B01028,2025-07-28,NSE,EQ,EQ,buy,false,10.000000,221.080000,403986449,1200000040072024,2025-07-28T11:36:48
AZAD,INE02IJ01035,2025-07-28,NSE,EQ,EQ,buy,false,1.000000,1504.900000,4122197,1000000044004128,2025-07-28T12:47:12
AZAD,INE02IJ01035,2025-07-28,NSE,EQ,EQ,buy,false,5.000000,1505.000000,4122198,1000000044004128,2025-07-28T12:47:12
ONGC,INE213A01029,2025-07-28,NSE,EQ,EQ,buy,false,41.000000,239.430000,405386503,1200000056841683,2025-07-28T13:01:24
BBL,INE464A01036,2025-07-28,NSE,EQ,EQ,buy,false,3.000000,2854.700000,4736661,1000000050631047,2025-07-28T13:23:00
PNCINFRA,INE195J01029,2025-07-28,NSE,EQ,EQ,buy,false,2.000000,298.850000,405863239,1200000063156991,2025-07-28T13:32:54
PNCINFRA,INE195J01029,2025-07-28,NSE,EQ,EQ,buy,false,7.000000,298.950000,405863240,1200000063156991,2025-07-28T13:32:54
PNCINFRA,INE195J01029,2025-07-28,NSE,EQ,EQ,buy,false,1.000000,298.850000,405863238,1200000063156991,2025-07-28T13:32:54
SHAILY,INE151G01028,2025-07-28,NSE,EQ,EQ,buy,false,1.000000,1558.900000,606392595,1300000062363097,2025-07-28T13:36:56
LUXIND,INE150G01020,2025-07-28,NSE,EQ,EQ,buy,false,5.000000,1390.000000,406100965,1200000065697085,2025-07-28T13:45:10
LUXIND,INE150G01020,2025-07-28,NSE,EQ,EQ,buy,false,1.000000,1390.000000,406112282,1200000065697085,2025-07-28T13:45:10
LUXIND,INE150G01020,2025-07-28,NSE,EQ,EQ,buy,false,1.000000,1390.000000,406100604,1200000065697085,2025-07-28T13:45:10
ITC,INE154A01025,2025-07-28,NSE,EQ,EQ,sell,false,36.000000,409.500000,206376448,1100000062039746,2025-07-28T14:01:29
ITC,INE154A01025,2025-07-28,NSE,EQ,EQ,sell,false,10.000000,409.550000,206376447,1100000062039746,2025-07-28T14:01:29
PFC,INE134E01011,2025-07-28,NSE,EQ,EQ,buy,false,24.000000,405.000000,406576773,1200000069628220,2025-07-28T14:04:02
NCC,INE868B01028,2025-07-28,NSE,EQ,EQ,buy,false,47.000000,215.750000,407666217,1200000081228433,2025-07-28T15:01:21
JINDALSAW,INE324A01032,2025-07-28,NSE,EQ,EQ,buy,false,22.000000,215.290000,208567729,1100000077693780,2025-07-28T15:20:36
JINDALSAW,INE324A01032,2025-07-28,NSE,EQ,EQ,buy,false,23.000000,215.290000,208567730,1100000077693780,2025-07-28T15:20:36
SHAILY,INE151G01028,2025-07-29,BSE,EQ,A,buy,false,2.000000,1575.000000,32200,1753759800055018126,2025-07-29T09:15:03
PPLPHARMA,INE0DK501011,2025-07-29,NSE,EQ,EQ,buy,false,48.000000,195.000000,400467711,1200000004234228,2025-07-29T09:21:22
SAIL,INE114A01011,2025-07-29,BSE,EQ,A,sell,false,14.000000,125.750000,944100,1753759800054434356,2025-07-29T09:25:48
SAIL,INE114A01011,2025-07-29,BSE,EQ,A,sell,false,10.000000,125.800000,943900,1753759800054434356,2025-07-29T09:25:48
PNCINFRA,INE195J01029,2025-07-29,NSE,EQ,EQ,sell,false,19.000000,308.950000,400679619,1200000006219224,2025-07-29T09:26:09
PNCINFRA,INE195J01029,2025-07-29,NSE,EQ,EQ,sell,false,1.000000,308.800000,400679620,1200000006219224,2025-07-29T09:26:09
M&MFIN,INE774D01024,2025-07-29,NSE,EQ,EQ,sell,false,30.000000,248.150000,400709032,1200000006498857,2025-07-29T09:26:53
GOACARBON,INE426D01013,2025-07-29,BSE,EQ,B,buy,false,5.000000,470.000000,3437600,1753759800001562573,2025-07-29T09:45:28
GOACARBON,INE426D01013,2025-07-29,BSE,EQ,B,buy,false,8.000000,470.000000,3437200,1753759800001562573,2025-07-29T09:45:28
GOACARBON,INE426D01013,2025-07-29,BSE,EQ,B,buy,false,8.000000,470.000000,3437400,1753759800001562573,2025-07-29T09:45:28
ELECTCAST,INE086A01029,2025-07-29,BSE,EQ,A,buy,false,20.000000,112.200000,2616200,1753762015955965225,2025-07-29T10:12:31
AWFIS,INE108V01019,2025-07-29,NSE,EQ,EQ,buy,false,1.000000,593.600000,1721908,1000000019131498,2025-07-29T10:27:43
AWFIS,INE108V01019,2025-07-29,NSE,EQ,EQ,buy,false,15.000000,593.650000,1721909,1000000019131498,2025-07-29T10:27:43
LXCHEM,INE576O01020,2025-07-29,NSE,EQ,EQ,buy,false,33.000000,189.800000,402577819,1200000028212192,2025-07-29T10:42:15
LXCHEM,INE576O01020,2025-07-29,NSE,EQ,EQ,buy,false,19.000000,189.800000,402577820,1200000028212192,2025-07-29T10:42:15
STERTOOLS,INE334A01023,2025-07-29,NSE,EQ,EQ,buy,false,7.000000,345.000000,602955758,1300000026016142,2025-07-29T10:46:05
STERTOOLS,INE334A01023,2025-07-29,NSE,EQ,EQ,buy,false,5.000000,345.000000,602955756,1300000026016142,2025-07-29T10:46:05
STERTOOLS,INE334A01023,2025-07-29,NSE,EQ,EQ,buy,false,14.000000,345.000000,602955757,1300000026016142,2025-07-29T10:46:05
FINPIPE,INE183A01024,2025-07-29,NSE,EQ,EQ,buy,false,3.000000,209.080000,203605602,1100000033653424,2025-07-29T11:19:07
FINPIPE,INE183A01024,2025-07-29,NSE,EQ,EQ,buy,false,1.000000,209.080000,203605604,1100000033653424,2025-07-29T11:19:07
FINPIPE,INE183A01024,2025-07-29,NSE,EQ,EQ,buy,false,1.000000,209.080000,203605608,1100000033653424,2025-07-29T11:19:07
FINPIPE,INE183A01024,2025-07-29,NSE,EQ,EQ,buy,false,13.000000,209.080000,203605603,1100000033653424,2025-07-29T11:19:07
FINPIPE,INE183A01024,2025-07-29,NSE,EQ,EQ,buy,false,2.000000,209.080000,203605607,1100000033653424,2025-07-29T11:19:07
FINPIPE,INE183A01024,2025-07-29,NSE,EQ,EQ,buy,false,2.000000,209.090000,203605611,1100000033653424,2025-07-29T11:19:07
FINPIPE,INE183A01024,2025-07-29,NSE,EQ,EQ,buy,false,4.000000,209.090000,203605609,1100000033653424,2025-07-29T11:19:07
FINPIPE,INE183A01024,2025-07-29,NSE,EQ,EQ,buy,false,6.000000,209.080000,203605605,1100000033653424,2025-07-29T11:19:07
FINPIPE,INE183A01024,2025-07-29,NSE,EQ,EQ,buy,false,8.000000,209.080000,203605606,1100000033653424,2025-07-29T11:19:07
FINPIPE,INE183A01024,2025-07-29,NSE,EQ,EQ,buy,false,8.000000,209.090000,203605610,1100000033653424,2025-07-29T11:19:07
NCC,INE868B01028,2025-07-29,BSE,EQ,A,sell,false,20.000000,222.800000,5678300,1753776399822720216,2025-07-29T14:17:24
BAJAJHFL,INE377Y01014,2025-07-30,NSE,EQ,EQ,buy,false,30.000000,116.540000,70229,1000000000480133,2025-07-30T09:15:30
PNCINFRA,INE195J01029,2025-07-30,NSE,EQ,EQ,sell,false,50.000000,316.750000,400146816,1200000000994821,2025-07-30T09:16:16
PPLPHARMA,INE0DK501011,2025-07-30,BSE,EQ,A,sell,false,48.000000,205.400000,189100,1753846200027061632,2025-07-30T09:16:37
GOACARBON,INE426D01013,2025-07-30,BSE,EQ,B,sell,false,10.000000,472.300000,1098800,1753846200026054236,2025-07-30T09:20:54
LXCHEM,INE576O01020,2025-07-30,NSE,EQ,EQ,sell,false,52.000000,201.000000,401203291,1200000004925434,2025-07-30T09:25:32
ZAGGLE,INE07K301024,2025-07-30,BSE,EQ,A,sell,false,15.000000,390.000000,990400,1753846200027621996,2025-07-30T09:47:24
SHAILY,INE151G01028,2025-07-30,NSE,EQ,EQ,sell,false,4.000000,1640.000000,601665518,1300000012751606,2025-07-30T09:54:32
GAEL,INE036B01030,2025-07-30,NSE,EQ,EQ,sell,false,30.000000,110.200000,202805777,1100000024404465,2025-07-30T10:43:23
JSWENERGY,INE121E01018,2025-07-30,NSE,EQ,EQ,buy,false,19.000000,527.650000,203230995,1100000028953567,2025-07-30T11:07:51
BBL,INE464A01036,2025-07-30,NSE,EQ,EQ,buy,false,2.000000,2950.000000,2325553,1000000024666721,2025-07-30T11:10:57
BBL,INE464A01036,2025-07-30,NSE,EQ,EQ,buy,false,1.000000,2949.900000,2325552,1000000024666721,2025-07-30T11:10:57
AWFIS,INE108V01019,2025-07-30,NSE,EQ,EQ,buy,false,16.000000,599.000000,3709175,1000000041867597,2025-07-30T13:09:35
CMSINFO,INE925R01014,2025-07-30,NSE,EQ,EQ,buy,false,20.000000,465.000000,4244843,1000000045425377,2025-07-30T13:34:47
DATAPATTNS,INE0IX101010,2025-07-30,BSE,EQ,A,buy,false,1.000000,2601.700000,3589200,1753867675570243257,2025-07-30T15:12:34
AZAD,INE02IJ01035,2025-07-31,BSE,EQ,A,sell,false,1.000000,1480.000000,28300,1753932600149005120,2025-07-31T09:15:01
AZAD,INE02IJ01035,2025-07-31,BSE,EQ,A,sell,false,3.000000,1480.000000,28100,1753932600149005120,2025-07-31T09:15:01
AZAD,INE02IJ01035,2025-07-31,BSE,EQ,A,sell,false,2.000000,1480.000000,28500,1753932600149005120,2025-07-31T09:15:01
ITDC,INE353K01014,2025-07-31,BSE,EQ,B,sell,false,5.000000,590.000000,1310400,1753932600029082030,2025-07-31T09:15:03
ITDC,INE353K01014,2025-07-31,BSE,EQ,B,sell,false,1.000000,590.000000,1310600,1753932600029082030,2025-07-31T09:15:03
ITDC,INE353K01014,2025-07-31,BSE,EQ,B,sell,false,4.000000,590.000000,1310800,1753932600029082030,2025-07-31T09:15:03
NCC,INE868B01028,2025-07-31,BSE,EQ,A,sell,false,20.000000,219.000000,119000,1753932600149010442,2025-07-31T09:15:09
NCC,INE868B01028,2025-07-31,NSE,EQ,EQ,sell,false,20.000000,219.350000,400069271,1200000000381062,2025-07-31T09:15:12
LXCHEM,INE576O01020,2025-07-31,NSE,EQ,EQ,buy,false,28.000000,195.000000,400139245,1200000000653979,2025-07-31T09:15:37
LXCHEM,INE576O01020,2025-07-31,NSE,EQ,EQ,buy,false,22.000000,195.000000,400135616,1200000000653979,2025-07-31T09:15:37
CENTRALBK,INE483A01010,2025-07-31,NSE,EQ,EQ,buy,false,271.000000,36.000000,197789,1000000001014539,2025-07-31T09:16:33
GOACARBON,INE426D01013,2025-07-31,NSE,EQ,EQ,sell,false,10.000000,477.050000,200472620,1100000002565032,2025-07-31T09:18:30
AWFIS,INE108V01019,2025-07-31,NSE,EQ,EQ,sell,false,9.000000,597.800000,339754,1000000001972283,2025-07-31T09:18:52
AWFIS,INE108V01019,2025-07-31,NSE,EQ,EQ,sell,false,1.000000,598.000000,339753,1000000001972283,2025-07-31T09:18:52
INDUSTOWER,INE121J01017,2025-07-31,NSE,EQ,EQ,buy,false,25.000000,364.450000,200584596,1100000003283925,2025-07-31T09:19:56
FIVESTAR,INE128S01021,2025-07-31,BSE,EQ,A,buy,false,1.000000,619.200000,1830600,1753932600145451654,2025-07-31T09:25:18
FIVESTAR,INE128S01021,2025-07-31,BSE,EQ,A,buy,false,3.000000,619.150000,1830400,1753932600145451654,2025-07-31T09:25:18
FIVESTAR,INE128S01021,2025-07-31,BSE,EQ,A,buy,false,3.000000,619.400000,1830800,1753932600145451654,2025-07-31T09:25:18
FIVESTAR,INE128S01021,2025-07-31,BSE,EQ,A,buy,false,3.000000,619.100000,1830200,1753932600145451654,2025-07-31T09:25:18
WIPRO,INE075A01022,2025-07-31,NSE,EQ,EQ,buy,false,40.000000,247.000000,602032982,1300000011658266,2025-07-31T09:47:59
GOACARBON,INE426D01013,2025-07-31,NSE,EQ,EQ,sell,false,3.000000,503.500000,204050590,1100000032721911,2025-07-31T11:06:36
GOACARBON,INE426D01013,2025-07-31,NSE,EQ,EQ,sell,false,1.000000,503.700000,204050589,1100000032721911,2025-07-31T11:06:36
GOACARBON,INE426D01013,2025-07-31,NSE,EQ,EQ,sell,false,35.000000,503.450000,204050592,1100000032721911,2025-07-31T11:06:36
GOACARBON,INE426D01013,2025-07-31,NSE,EQ,EQ,sell,false,3.000000,503.500000,204050591,1100000032721911,2025-07-31T11:06:36
LODHA,INE670K01029,2025-07-31,BSE,EQ,A,buy,false,2.000000,1250.100000,6581200,1753946488371143303,2025-07-31T12:58:58
NAHARINDUS-T,INE289A01011,2025-07-31,BSE,EQ,T,buy,false,76.000000,123.000000,6057900,1753932600001130041,2025-07-31T13:11:33
INFY,INE009A01021,2025-07-31,BSE,EQ,A,buy,false,2.000000,1524.900000,7374500,1753950776881096376,2025-07-31T14:06:59
GOACARBON,INE426D01013,2025-07-31,BSE,EQ,B,buy,false,20.000000,493.000000,13955700,1753954842204001119,2025-07-31T15:10:50
PPLPHARMA,INE0DK501011,2025-08-01,NSE,EQ,EQ,buy,false,49.000000,195.000000,400500145,1200000003226573,2025-08-01T09:21:15
INOXWIND,INE066P01011,2025-08-01,BSE,EQ,A,buy,false,10.000000,155.000000,613300,1754019000011219630,2025-08-01T09:21:50
INOXWIND,INE066P01011,2025-08-01,BSE,EQ,A,buy,false,10.000000,154.950000,613100,1754019000011219630,2025-08-01T09:21:50
DEEDEV,INE841L01016,2025-08-01,NSE,EQ,EQ,buy,false,35.000000,284.200000,200747373,1100000004761201,2025-08-01T09:23:41
PRICOLLTD,INE726V01018,2025-08-01,NSE,EQ,EQ,sell,false,56.000000,470.600000,400777873,1200000006749074,2025-08-01T09:30:48
LXCHEM,INE576O01020,2025-08-01,BSE,EQ,A,sell,false,29.000000,206.050000,2774900,1754019000011897081,2025-08-01T09:31:07
LXCHEM,INE576O01020,2025-08-01,BSE,EQ,A,sell,false,1.000000,206.100000,2774700,1754019000011897081,2025-08-01T09:31:07
LXCHEM,INE576O01020,2025-08-01,BSE,EQ,A,sell,false,20.000000,206.000000,2775100,1754019000011897081,2025-08-01T09:31:07
GOACARBON,INE426D01013,2025-08-01,NSE,EQ,EQ,sell,false,20.000000,487.950000,201024887,1100000008091967,2025-08-01T09:32:29
M&MFIN,INE774D01024,2025-08-01,NSE,EQ,EQ,sell,false,47.000000,260.700000,400971676,1200000008809229,2025-08-01T09:36:26
SHAILY,INE151G01028,2025-08-01,NSE,EQ,EQ,buy,false,1.000000,1597.200000,601289605,1300000010006632,2025-08-01T09:40:41
GAEL,INE036B01030,2025-08-01,NSE,EQ,EQ,buy,false,10.000000,110.200000,201545078,1100000012921779,2025-08-01T09:48:01
CMSINFO,INE925R01014,2025-08-01,NSE,EQ,EQ,buy,false,21.000000,455.000000,1156970,1000000010642902,2025-08-01T09:48:06
COALINDIA,INE522F01014,2025-08-01,BSE,EQ,A,buy,false,10.000000,378.500000,2502200,1754020982397875000,2025-08-01T09:49:13
GOACARBON,INE426D01013,2025-08-01,BSE,EQ,B,buy,false,15.000000,485.000000,3265000,1754021324096897660,2025-08-01T10:14:04
GOACARBON,INE426D01013,2025-08-01,BSE,EQ,B,buy,false,5.000000,485.000000,3234000,1754021324096897660,2025-08-01T10:14:04
BMW,INE374E01021,2025-08-01,BSE,EQ,B,buy,false,181.000000,48.000000,3473800,1754019000000116764,2025-08-01T10:25:55
ZAGGLE,INE07K301024,2025-08-01,NSE,EQ,EQ,sell,false,7.000000,379.500000,603164916,1300000027736034,2025-08-01T11:01:26
ZAGGLE,INE07K301024,2025-08-01,NSE,EQ,EQ,sell,false,3.000000,379.550000,603164915,1300000027736034,2025-08-01T11:01:26
TORNTPOWER,INE813H01021,2025-08-01,NSE,EQ,EQ,buy,false,7.000000,1306.000000,603446674,1300000030548150,2025-08-01T11:16:25
NAHARINDUS-T,INE289A01011,2025-08-01,BSE,EQ,T,buy,false,80.000000,123.000000,6002900,1754019000001078052,2025-08-01T12:00:28
GOACARBON,INE426D01013,2025-08-01,BSE,EQ,B,sell,false,12.000000,483.250000,6611200,1754030861075654296,2025-08-01T13:12:51
GOACARBON,INE426D01013,2025-08-01,BSE,EQ,B,sell,false,1.000000,483.200000,6611400,1754030861075654296,2025-08-01T13:12:51
GOACARBON,INE426D01013,2025-08-01,BSE,EQ,B,sell,false,7.000000,483.100000,6611600,1754030861075654296,2025-08-01T13:12:51
NCC,INE868B01028,2025-08-01,NSE,EQ,EQ,buy,false,46.000000,215.750000,406444788,1200000069041438,2025-08-01T14:31:26
JSWENERGY,INE121E01018,2025-08-01,NSE,EQ,EQ,buy,false,19.000000,509.650000,207962284,1100000070565658,2025-08-01T15:02:11
MGL,INE002S01010,2025-08-04,BSE,EQ,A,buy,false,2.000000,1344.450000,77300,1754278200047009174,2025-08-04T09:15:02
LXCHEM,INE576O01020,2025-08-04,NSE,EQ,EQ,buy,false,51.000000,195.000000,400043025,1200000000249170,2025-08-04T09:15:03
AZAD,INE02IJ01035,2025-08-04,NSE,EQ,EQ,buy,false,6.000000,1458.100000,48116,1000000000232140,2025-08-04T09:15:04
INDUSTOWER,INE121J01017,2025-08-04,NSE,EQ,EQ,buy,false,27.000000,345.700000,200073359,1100000000370138,2025-08-04T09:15:06
SHAILY,INE151G01028,2025-08-04,NSE,EQ,EQ,sell,false,5.000000,1653.700000,600179816,1300000000912553,2025-08-04T09:15:51
ITDC,INE353K01014,2025-08-04,NSE,EQ,EQ,buy,false,17.000000,575.000000,200323438,1100000001068441,2025-08-04T09:16:04
BMW,INE374E01021,2025-08-04,BSE,EQ,B,sell,false,181.000000,47.630000,331800,1754278200001042246,2025-08-04T09:16:32
BBL,INE464A01036,2025-08-04,NSE,EQ,EQ,sell,false,2.000000,2909.900000,204930,1000000001409650,2025-08-04T09:17:17
JSWENERGY,INE121E01018,2025-08-04,NSE,EQ,EQ,sell,false,38.000000,522.850000,200456530,1100000002974224,2025-08-04T09:19:08
PPLPHARMA,INE0DK501011,2025-08-04,NSE,EQ,EQ,buy,false,52.000000,189.950000,400473810,1200000002880367,2025-08-04T09:19:43
SHAILY,INE151G01028,2025-08-04,NSE,EQ,EQ,sell,false,12.000000,1642.000000,600664787,1300000004283199,2025-08-04T09:22:17
ELECTCAST,INE086A01029,2025-08-04,BSE,EQ,A,buy,false,20.000000,109.000000,945600,1754278200006471025,2025-08-04T09:31:32
NCC,INE868B01028,2025-08-04,BSE,EQ,A,sell,false,30.000000,217.050000,1352400,1754278200006706152,2025-08-04T09:32:39
TORNTPOWER,INE813H01021,2025-08-04,NSE,EQ,EQ,buy,false,7.000000,1280.000000,602939011,1300000012346410,2025-08-04T09:45:13
TCS,INE467B01029,2025-08-04,NSE,EQ,EQ,buy,false,3.000000,3015.700000,602925045,1300000025153338,2025-08-04T10:39:51
CMSINFO,INE925R01014,2025-08-04,NSE,EQ,EQ,sell,false,10.000000,449.200000,3214980,1000000037145542,2025-08-04T12:16:51
CENTRALBK,INE483A01010,2025-08-04,BSE,EQ,A,sell,false,150.000000,35.910000,5187300,1754288106355520406,2025-08-04T12:18:34
ONGC,INE213A01029,2025-08-04,BSE,EQ,A,sell,false,15.000000,234.700000,3602300,1754287969156884013,2025-08-04T12:20:12
STERTOOLS,INE334A01023,2025-08-04,NSE,EQ,EQ,buy,false,29.000000,331.000000,606470299,1300000059376246,2025-08-04T14:09:59
DATAPATTNS,INE0IX101010,2025-08-04,NSE,EQ,EQ,sell,false,1.000000,2705.000000,207645569,1100000066251010,2025-08-04T14:38:54
FINPIPE,INE183A01024,2025-08-04,NSE,EQ,EQ,buy,false,4.000000,198.350000,208623597,1100000072130861,2025-08-04T15:12:00
FINPIPE,INE183A01024,2025-08-04,NSE,EQ,EQ,buy,false,3.000000,198.350000,208623595,1100000072130861,2025-08-04T15:12:00
FINPIPE,INE183A01024,2025-08-04,NSE,EQ,EQ,buy,false,27.000000,198.350000,208623598,1100000072130861,2025-08-04T15:12:00
FINPIPE,INE183A01024,2025-08-04,NSE,EQ,EQ,buy,false,15.000000,198.350000,208623596,1100000072130861,2025-08-04T15:12:00
FINPIPE,INE183A01024,2025-08-05,NSE,EQ,EQ,buy,false,51.000000,198.450000,200436508,1100000002022606,2025-08-05T09:17:53
AZAD,INE02IJ01035,2025-08-05,BSE,EQ,A,sell,false,1.000000,1592.600000,848900,1754364600024401217,2025-08-05T09:25:31
AZAD,INE02IJ01035,2025-08-05,BSE,EQ,A,sell,false,3.000000,1592.200000,849300,1754364600024401217,2025-08-05T09:25:31
AZAD,INE02IJ01035,2025-08-05,BSE,EQ,A,sell,false,2.000000,1592.250000,849100,1754364600024401217,2025-08-05T09:25:31
ZAGGLE,INE07K301024,2025-08-05,NSE,EQ,EQ,sell,false,10.000000,379.400000,600896144,1300000007068804,2025-08-05T09:32:29
AWFIS,INE108V01019,2025-08-05,BSE,EQ,B,sell,false,10.000000,591.050000,2968700,1754366303812213318,2025-08-05T09:34:14
ITC,INE154A01025,2025-08-05,BSE,EQ,A,buy,false,24.000000,415.300000,1966600,1754366361961231256,2025-08-05T09:36:23
PFC,INE134E01011,2025-08-05,BSE,EQ,A,sell,false,24.000000,413.000000,883600,1754364600024622707,2025-08-05T09:41:48
ITDC,INE353K01014,2025-08-05,NSE,EQ,EQ,buy,false,18.000000,570.000000,204368130,1100000026863733,2025-08-05T10:56:01
POLYPLEX,INE633B01018,2025-08-05,BSE,EQ,B,sell,false,20.000000,1171.000000,3737700,1754368466572718239,2025-08-05T10:59:38
NCC,INE868B01028,2025-08-05,NSE,EQ,EQ,buy,false,46.000000,213.680000,402844064,1200000032215816,2025-08-05T11:15:17
NCC,INE868B01028,2025-08-05,NSE,EQ,EQ,buy,false,1.000000,213.680000,402844063,1200000032215816,2025-08-05T11:15:17
NAHARINDUS-T,INE289A01011,2025-08-05,BSE,EQ,T,buy,false,85.000000,118.900000,4312300,1754364600000047033,2025-08-05T13:29:28
ITC,INE154A01025,2025-08-06,NSE,EQ,EQ,sell,false,24.000000,414.100000,200082557,1100000000530228,2025-08-06T09:15:23
AGARIND,INE204E01012,2025-08-06,NSE,EQ,EQ,buy,false,31.000000,950.400000,88101,1000000000483156,2025-08-06T09:15:24
MGL,INE002S01010,2025-08-06,NSE,EQ,EQ,buy,false,1.000000,1304.400000,400116398,1200000000748843,2025-08-06T09:15:54
MGL,INE002S01010,2025-08-06,BSE,EQ,A,buy,false,2.000000,1302.700000,919600,1754451000057062846,2025-08-06T09:15:59
PPLPHARMA,INE0DK501011,2025-08-06,BSE,EQ,A,sell,false,50.000000,192.050000,133500,1754451000006061389,2025-08-06T09:16:45
AGARIND,INE204E01012,2025-08-06,NSE,EQ,EQ,sell,false,3.000000,945.650000,197650,1000000001314043,2025-08-06T09:16:56
AGARIND,INE204E01012,2025-08-06,NSE,EQ,EQ,sell,false,1.000000,946.050000,197646,1000000001314043,2025-08-06T09:16:56
AGARIND,INE204E01012,2025-08-06,NSE,EQ,EQ,sell,false,13.000000,945.850000,197647,1000000001314043,2025-08-06T09:16:56
AGARIND,INE204E01012,2025-08-06,NSE,EQ,EQ,sell,false,3.000000,945.650000,197649,1000000001314043,2025-08-06T09:16:56
AGARIND,INE204E01012,2025-08-06,NSE,EQ,EQ,sell,false,5.000000,945.750000,197648,1000000001314043,2025-08-06T09:16:56
AGARIND,INE204E01012,2025-08-06,NSE,EQ,EQ,sell,false,6.000000,945.500000,197651,1000000001314043,2025-08-06T09:16:56
NCC,INE868B01028,2025-08-06,BSE,EQ,A,sell,false,40.000000,217.000000,2423400,1754452912001192719,2025-08-06T09:36:00
BBL,INE464A01036,2025-08-06,NSE,EQ,EQ,buy,false,4.000000,2855.000000,1070818,1000000009322174,2025-08-06T09:40:13
IGIL,INE0Q9301021,2025-08-06,NSE,EQ,EQ,buy,false,26.000000,363.000000,201568632,1100000012601153,2025-08-06T09:50:40
M&MFIN,INE774D01024,2025-08-06,NSE,EQ,EQ,buy,false,38.000000,253.000000,406587822,1200000033373611,2025-08-06T11:21:51
WELSPUNLIV,INE192B01031,2025-08-06,NSE,EQ,EQ,buy,false,82.000000,118.000000,604008114,1300000032714901,2025-08-06T11:31:28
IGIL,INE0Q9301021,2025-08-07,NSE,EQ,EQ,sell,false,26.000000,363.000000,201648268,1100000013556467,2025-08-07T09:50:05
TCS,INE467B01029,2025-08-07,NSE,EQ,EQ,sell,false,3.000000,3015.900000,602560670,1300000023012948,2025-08-07T10:30:16
ITC,INE154A01025,2025-08-08,BSE,EQ,A,buy,false,24.000000,414.500000,39900,1754623800088020177,2025-08-08T09:15:01
NCC,INE868B01028,2025-08-08,NSE,EQ,EQ,sell,false,85.000000,222.500000,400250559,1200000001731780,2025-08-08T09:17:46
WELSPUNLIV,INE192B01031,2025-08-08,NSE,EQ,EQ,sell,false,82.000000,118.540000,600312443,1300000002184190,2025-08-08T09:18:39
INOXWI-RE-BE,INE066P20011,2025-08-08,NSE,EQ,BE,sell,false,10.000000,25.590000,200424112,1100000003098149,2025-08-08T09:20:18
LXCHEM,INE576O01020,2025-08-08,NSE,EQ,EQ,buy,false,1.000000,187.660000,400656179,1200000005560939,2025-08-08T09:26:46
LXCHEM,INE576O01020,2025-08-08,NSE,EQ,EQ,buy,false,2.000000,187.700000,400656183,1200000005560939,2025-08-08T09:26:46
LXCHEM,INE576O01020,2025-08-08,NSE,EQ,EQ,buy,false,37.000000,187.700000,400656182,1200000005560939,2025-08-08T09:26:46
LXCHEM,INE576O01020,2025-08-08,NSE,EQ,EQ,buy,false,6.000000,187.680000,400656180,1200000005560939,2025-08-08T09:26:46
LXCHEM,INE576O01020,2025-08-08,NSE,EQ,EQ,buy,false,8.000000,187.690000,400656181,1200000005560939,2025-08-08T09:26:46
SHAILY,INE151G01028,2025-08-08,NSE,EQ,EQ,buy,false,6.000000,1579.500000,601297048,1300000009967758,2025-08-08T09:45:25
CENTRALBK,INE483A01010,2025-08-08,BSE,EQ,A,buy,false,50.000000,35.530000,3381000,1754629575838290482,2025-08-08T10:59:06
AWFIS,INE108V01019,2025-08-11,NSE,EQ,EQ,buy,false,19.000000,559.950000,79996,1000000000452307,2025-08-11T09:15:29
WIPRO,INE075A01022,2025-08-11,NSE,EQ,EQ,buy,false,41.000000,239.870000,600165926,1300000000823806,2025-08-11T09:15:59
SHAILY,INE151G01028,2025-08-11,NSE,EQ,EQ,sell,false,4.000000,1631.200000,600365040,1300000002111760,2025-08-11T09:18:45
SHAILY,INE151G01028,2025-08-11,NSE,EQ,EQ,sell,false,1.000000,1632.500000,600365039,1300000002111760,2025-08-11T09:18:45
SHAILY,INE151G01028,2025-08-11,NSE,EQ,EQ,sell,false,1.000000,1632.600000,600365038,1300000002111760,2025-08-11T09:18:45
GAEL,INE036B01030,2025-08-11,NSE,EQ,EQ,buy,false,10.000000,103.420000,200707433,1100000004814192,2025-08-11T09:24:41
LODHA,INE670K01029,2025-08-11,BSE,EQ,A,buy,false,2.000000,1212.300000,1855800,1754883000011569586,2025-08-11T09:25:37
JSWENERGY,INE121E01018,2025-08-11,NSE,EQ,EQ,buy,false,19.000000,530.000000,202081251,1100000015764317,2025-08-11T10:01:38
DEEDEV,INE841L01016,2025-08-11,NSE,EQ,EQ,sell,false,35.000000,298.400000,206795609,1100000060753390,2025-08-11T14:00:40
LXCHEM,INE576O01020,2025-08-11,NSE,EQ,EQ,buy,false,1.000000,184.800000,406435424,1200000068717114,2025-08-11T14:50:32
LXCHEM,INE576O01020,2025-08-11,NSE,EQ,EQ,buy,false,1.000000,184.800000,406435426,1200000068717114,2025-08-11T14:50:32
LXCHEM,INE576O01020,2025-08-11,NSE,EQ,EQ,buy,false,25.000000,184.810000,406435428,1200000068717114,2025-08-11T14:50:32
LXCHEM,INE576O01020,2025-08-11,NSE,EQ,EQ,buy,false,5.000000,184.800000,406435420,1200000068717114,2025-08-11T14:50:32
LXCHEM,INE576O01020,2025-08-11,NSE,EQ,EQ,buy,false,5.000000,184.800000,406435423,1200000068717114,2025-08-11T14:50:32
LXCHEM,INE576O01020,2025-08-11,NSE,EQ,EQ,buy,false,5.000000,184.800000,406435425,1200000068717114,2025-08-11T14:50:32
LXCHEM,INE576O01020,2025-08-11,NSE,EQ,EQ,buy,false,1.000000,184.800000,406435419,1200000068717114,2025-08-11T14:50:32
LXCHEM,INE576O01020,2025-08-11,NSE,EQ,EQ,buy,false,1.000000,184.800000,406435422,1200000068717114,2025-08-11T14:50:32
LXCHEM,INE576O01020,2025-08-11,NSE,EQ,EQ,buy,false,10.000000,184.800000,406435427,1200000068717114,2025-08-11T14:50:32
LXCHEM,INE576O01020,2025-08-11,NSE,EQ,EQ,buy,false,1.000000,184.800000,406435421,1200000068717114,2025-08-11T14:50:32
IGPL,INE204A01010,2025-08-12,NSE,EQ,EQ,buy,false,21.000000,434.000000,200072474,1100000000498192,2025-08-12T09:15:17
AWFIS,INE108V01019,2025-08-12,BSE,EQ,B,sell,false,20.000000,617.000000,4298500,1754969400000959182,2025-08-12T09:34:03
STERTOOLS,INE334A01023,2025-08-12,NSE,EQ,EQ,buy,false,17.000000,309.550000,601601327,1300000007721787,2025-08-12T09:34:45
STERTOOLS,INE334A01023,2025-08-12,NSE,EQ,EQ,buy,false,16.000000,309.550000,601608297,1300000007721787,2025-08-12T09:34:45
TORNTPOWER,INE813H01021,2025-08-12,BSE,EQ,A,sell,false,6.000000,1352.300000,4470200,1754979140972690696,2025-08-12T12:25:00
TORNTPOWER,INE813H01021,2025-08-12,BSE,EQ,A,sell,false,2.000000,1352.400000,4469600,1754979140972690696,2025-08-12T12:25:00
TORNTPOWER,INE813H01021,2025-08-12,BSE,EQ,A,sell,false,2.000000,1352.450000,4469400,1754979140972690696,2025-08-12T12:25:00
TORNTPOWER,INE813H01021,2025-08-12,BSE,EQ,A,sell,false,4.000000,1352.350000,4469900,1754979140972690696,2025-08-12T12:25:00
LXCHEM,INE576O01020,2025-08-12,NSE,EQ,EQ,sell,false,3.000000,183.780000,403612728,1200000043226744,2025-08-12T12:29:57
LXCHEM,INE576O01020,2025-08-12,NSE,EQ,EQ,sell,false,26.000000,183.770000,403612730,1200000043226744,2025-08-12T12:29:57
LXCHEM,INE576O01020,2025-08-12,NSE,EQ,EQ,sell,false,1.000000,183.770000,403612729,1200000043226744,2025-08-12T12:29:57
PPLPHARMA,INE0DK501011,2025-08-12,NSE,EQ,EQ,buy,false,36.000000,189.930000,403682403,1200000043898108,2025-08-12T12:35:09
PPLPHARMA,INE0DK501011,2025-08-12,NSE,EQ,EQ,buy,false,16.000000,189.930000,403682404,1200000043898108,2025-08-12T12:35:09
JINDALSAW,INE324A01032,2025-08-12,NSE,EQ,EQ,buy,false,49.000000,200.390000,204859656,1100000041814291,2025-08-12T12:42:28
LXCHEM,INE576O01020,2025-08-13,BSE,EQ,A,sell,false,27.000000,186.650000,5913200,1755062537745748666,2025-08-13T11:33:33
LXCHEM,INE576O01020,2025-08-13,BSE,EQ,A,sell,false,3.000000,186.600000,5913400,1755062537745748666,2025-08-13T11:33:33
BBL,INE464A01036,2025-08-13,BSE,EQ,A,sell,false,2.000000,2822.850000,3029300,1755061844271928536,2025-08-13T11:35:18
WIPRO,INE075A01022,2025-08-13,NSE,EQ,EQ,sell,false,20.000000,241.090000,603622759,1300000029314586,2025-08-13T11:36:26
ZAGGLE,INE07K301024,2025-08-13,BSE,EQ,A,sell,false,9.000000,371.000000,2932900,1755063346822265173,2025-08-13T11:37:33
ZAGGLE,INE07K301024,2025-08-13,BSE,EQ,A,sell,false,5.000000,371.050000,2932700,1755063346822265173,2025-08-13T11:37:33
ZAGGLE,INE07K301024,2025-08-13,BSE,EQ,A,sell,false,1.000000,371.150000,2932500,1755063346822265173,2025-08-13T11:37:33
LXCHEM,INE576O01020,2025-08-13,NSE,EQ,EQ,buy,false,54.000000,185.000000,403838952,1200000038358881,2025-08-13T12:14:42
AMJLAND,INE606A01024,2025-08-13,NSE,EQ,EQ,buy,false,29.000000,54.050000,5011348,1000000035023613,2025-08-13T12:47:11
AMJLAND,INE606A01024,2025-08-13,NSE,EQ,EQ,buy,false,10.000000,54.050000,4997023,1000000035023613,2025-08-13T12:47:11
AMJLAND,INE606A01024,2025-08-13,NSE,EQ,EQ,buy,false,11.000000,54.050000,4997022,1000000035023613,2025-08-13T12:47:11
AMJLAND,INE606A01024,2025-08-13,NSE,EQ,EQ,buy,false,60.000000,54.050000,4997024,1000000035023613,2025-08-13T12:47:11
AMJLAND,INE606A01024,2025-08-13,NSE,EQ,EQ,buy,false,75.000000,54.050000,3626368,1000000035023613,2025-08-13T12:47:11
DEEDEV,INE841L01016,2025-08-13,NSE,EQ,EQ,buy,false,35.000000,286.250000,207008894,1100000063312204,2025-08-13T14:19:45
AWFIS,INE108V01019,2025-08-14,BSE,EQ,B,sell,false,25.000000,578.450000,1674700,1755142200000529089,2025-08-14T09:22:14
AWFIS,INE108V01019,2025-08-14,BSE,EQ,B,sell,false,1.000000,578.550000,1674500,1755142200000529089,2025-08-14T09:22:14
ZAGGLE,INE07K301024,2025-08-14,NSE,EQ,EQ,buy,false,27.000000,359.000000,602788647,1300000023693368,2025-08-14T11:14:17
ZAGGLE,INE07K301024,2025-08-14,NSE,EQ,EQ,sell,false,1.000000,367.150000,606168397,1300000052086755,2025-08-14T15:06:55
ZAGGLE,INE07K301024,2025-08-14,NSE,EQ,EQ,sell,false,10.000000,367.200000,606168396,1300000052086755,2025-08-14T15:06:55
ZAGGLE,INE07K301024,2025-08-14,NSE,EQ,EQ,sell,false,16.000000,367.150000,606168398,1300000052086755,2025-08-14T15:06:55
AWFIS,INE108V01019,2025-08-14,NSE,EQ,EQ,buy,false,11.000000,559.750000,5550392,1000000054456331,2025-08-14T15:15:46
AWFIS,INE108V01019,2025-08-14,NSE,EQ,EQ,buy,false,7.000000,559.650000,5550391,1000000054456331,2025-08-14T15:15:46
WIPRO,INE075A01022,2025-08-18,NSE,EQ,EQ,sell,false,12.000000,246.900000,600393930,1300000001996537,2025-08-18T09:17:43
WIPRO,INE075A01022,2025-08-18,NSE,EQ,EQ,sell,false,25.000000,246.900000,600393931,1300000001996537,2025-08-18T09:17:43
WIPRO,INE075A01022,2025-08-18,NSE,EQ,EQ,sell,false,23.000000,246.900000,600393929,1300000001996537,2025-08-18T09:17:43
WIPRO,INE075A01022,2025-08-18,NSE,EQ,EQ,sell,false,1.000000,246.900000,600393932,1300000001996537,2025-08-18T09:17:43
M&MFIN,INE774D01024,2025-08-18,BSE,EQ,A,sell,false,38.000000,260.500000,297700,1755487800010112154,2025-08-18T09:18:33
ITC,INE154A01025,2025-08-18,BSE,EQ,A,buy,false,72.000000,409.000000,1240000,1755487800005286219,2025-08-18T09:25:13
ZAGGLE,INE07K301024,2025-08-18,BSE,EQ,A,sell,false,19.000000,392.450000,1372100,1755487800005559092,2025-08-18T09:38:30
ZAGGLE,INE07K301024,2025-08-18,BSE,EQ,A,sell,false,5.000000,392.400000,1372300,1755487800005559092,2025-08-18T09:38:30
COALINDIA,INE522F01014,2025-08-18,NSE,EQ,EQ,sell,false,20.000000,385.700000,1959475,1000000015940345,2025-08-18T10:10:58
ELECTCAST,INE086A01029,2025-08-18,BSE,EQ,A,buy,false,20.000000,102.000000,2140200,1755491316549247852,2025-08-18T10:16:35
FINPIPE,INE183A01024,2025-08-18,NSE,EQ,EQ,sell,false,4.000000,195.850000,203427123,1100000024607978,2025-08-18T10:32:07
FINPIPE,INE183A01024,2025-08-18,NSE,EQ,EQ,sell,false,16.000000,195.850000,203427124,1100000024607978,2025-08-18T10:32:07
LXCHEM,INE576O01020,2025-08-18,NSE,EQ,EQ,sell,false,20.000000,186.320000,402591093,1200000021600114,2025-08-18T10:35:09
AWFIS,INE108V01019,2025-08-19,BSE,EQ,B,sell,false,18.000000,584.500000,515100,1755574200218251066,2025-08-19T09:16:57
LXCHEM,INE576O01020,2025-08-19,NSE,EQ,EQ,sell,false,73.000000,229.760000,400221668,1200000001688372,2025-08-19T09:17:58
LXCHEM,INE576O01020,2025-08-19,NSE,EQ,EQ,sell,false,61.000000,229.790000,400221667,1200000001688372,2025-08-19T09:17:58
BMW,INE374E01021,2025-08-19,BSE,EQ,B,buy,false,95.000000,47.950000,1839000,1755574200001021301,2025-08-19T09:20:49
BMW,INE374E01021,2025-08-19,BSE,EQ,B,buy,false,12.000000,47.950000,1941400,1755574200001021301,2025-08-19T09:20:49
BMW,INE374E01021,2025-08-19,BSE,EQ,B,buy,false,200.000000,47.950000,1314500,1755574200001021301,2025-08-19T09:20:49
BMW,INE374E01021,2025-08-19,BSE,EQ,B,buy,false,2.000000,47.950000,1614300,1755574200001021301,2025-08-19T09:20:49
BMW,INE374E01021,2025-08-19,BSE,EQ,B,buy,false,233.000000,47.950000,1737700,1755574200001021301,2025-08-19T09:20:49
BMW,INE374E01021,2025-08-19,BSE,EQ,B,buy,false,81.000000,47.950000,1290000,1755574200001021301,2025-08-19T09:20:49
AMJLAND,INE606A01024,2025-08-19,BSE,EQ,B,sell,false,65.000000,55.420000,2023600,1755574200000045350,2025-08-19T09:37:31
AMJLAND,INE606A01024,2025-08-19,BSE,EQ,B,sell,false,86.000000,55.470000,2023400,1755574200000045350,2025-08-19T09:37:31
AMJLAND,INE606A01024,2025-08-19,BSE,EQ,B,sell,false,33.000000,55.520000,2023200,1755574200000045350,2025-08-19T09:37:31
AMJLAND,INE606A01024,2025-08-19,BSE,EQ,B,sell,false,1.000000,55.580000,2023000,1755574200000045350,2025-08-19T09:37:31
BMW,INE374E01021,2025-08-19,BSE,EQ,B,sell,false,68.000000,47.500000,4038800,1755574200001134756,2025-08-19T10:06:41
FIVESTAR,INE128S01021,2025-08-19,NSE,EQ,EQ,buy,false,5.000000,590.800000,202368485,1100000018604205,2025-08-19T10:23:39
INFY,INE009A01021,2025-08-19,NSE,EQ,EQ,buy,false,2.000000,1440.500000,202519404,1100000019832205,2025-08-19T10:30:01
DATAPATTNS,INE0IX101010,2025-08-19,NSE,EQ,EQ,buy,false,1.000000,2563.300000,202574510,1100000020261274,2025-08-19T10:32:22
GAEL,INE036B01030,2025-08-19,BSE,EQ,A,buy,false,20.000000,103.800000,3250400,1755577278077954300,2025-08-19T10:33:03
TATATECH,INE142M01025,2025-08-19,BSE,EQ,A,buy,false,5.000000,681.750000,6103900,1755591448865905901,2025-08-19T14:41:59
SONACOMS,INE073K01018,2025-08-20,NSE,EQ,EQ,buy,false,21.000000,453.600000,600287209,1300000001820879,2025-08-20T09:18:29
AWFIS,INE108V01019,2025-08-20,NSE,EQ,EQ,buy,false,3.000000,578.900000,384169,1000000002464734,2025-08-20T09:20:16
AWFIS,INE108V01019,2025-08-20,NSE,EQ,EQ,buy,false,1.000000,578.900000,384168,1000000002464734,2025-08-20T09:20:16
AWFIS,INE108V01019,2025-08-20,NSE,EQ,EQ,buy,false,13.000000,578.900000,384167,1000000002464734,2025-08-20T09:20:16
LEHAR-X,INE976H01018,2025-08-20,BSE,EQ,X,buy,false,36.000000,270.000000,377300,1755660600001044153,2025-08-20T09:20:20
LUXIND,INE150G01020,2025-08-20,NSE,EQ,EQ,buy,false,1.000000,1355.000000,403384317,1200000029608684,2025-08-20T11:25:47
ITDC,INE353K01014,2025-08-20,BSE,EQ,B,sell,false,10.000000,562.100000,7495100,1755668801390082548,2025-08-20T11:30:07
STERTOOLS,INE334A01023,2025-08-20,BSE,EQ,B,sell,false,10.000000,322.200000,16840500,1755668267205490129,2025-08-20T11:31:04
ITC,INE154A01025,2025-08-20,NSE,EQ,EQ,sell,false,30.000000,409.650000,204372568,1100000032674712,2025-08-20T11:31:56
LODHA,INE670K01029,2025-08-20,NSE,EQ,EQ,sell,false,1.000000,1271.300000,403464612,1200000030892312,2025-08-20T11:32:37
LODHA,INE670K01029,2025-08-20,NSE,EQ,EQ,sell,false,3.000000,1271.300000,403464611,1200000030892312,2025-08-20T11:32:37
INDUSTOWER,INE121J01017,2025-08-20,NSE,EQ,EQ,sell,false,10.000000,349.000000,206644525,1100000050880670,2025-08-20T13:28:41
COALINDIA,INE522F01014,2025-08-21,NSE,EQ,EQ,buy,false,27.000000,379.450000,31253,1000000000254289,2025-08-21T09:15:03
LEHAR-X,INE976H01018,2025-08-21,BSE,EQ,X,sell,false,36.000000,290.000000,2805600,1755747000001027603,2025-08-21T10:48:16
ITDC,INE353K01014,2025-08-21,NSE,EQ,EQ,buy,false,2.000000,564.350000,203545381,1100000027427611,2025-08-21T11:04:34
GAEL,INE036B01030,2025-08-21,NSE,EQ,EQ,buy,false,10.000000,106.590000,203566417,1100000027621389,2025-08-21T11:05:50
INFY,INE009A01021,2025-08-21,NSE,EQ,EQ,buy,false,1.000000,1499.000000,203617237,1100000028047871,2025-08-21T11:08:37
LODHA,INE670K01029,2025-08-21,NSE,EQ,EQ,sell,false,3.000000,1295.100000,405480691,1200000050875895,2025-08-21T13:40:01
DEEDEV,INE841L01016,2025-08-22,NSE,EQ,EQ,buy,false,107.000000,275.000000,200047901,1100000000350412,2025-08-22T09:15:05
PPLPHARMA,INE0DK501011,2025-08-22,NSE,EQ,EQ,sell,false,30.000000,192.900000,400781160,1200000007440829,2025-08-22T09:33:48
PPLPHARMA,INE0DK501011,2025-08-22,NSE,EQ,EQ,sell,false,57.000000,192.880000,400781161,1200000007440829,2025-08-22T09:33:48
PPLPHARMA,INE0DK501011,2025-08-22,NSE,EQ,EQ,sell,false,16.000000,192.880000,400781162,1200000007440829,2025-08-22T09:33:48
PERSISTENT,INE262H01021,2025-08-22,NSE,EQ,EQ,sell,false,1.000000,5351.000000,400812355,1200000007811935,2025-08-22T09:34:57
DEEDEV,INE841L01016,2025-08-22,NSE,EQ,EQ,sell,false,1.000000,274.900000,201250435,1100000010133064,2025-08-22T09:41:10
DEEDEV,INE841L01016,2025-08-22,NSE,EQ,EQ,sell,false,11.000000,274.900000,201250436,1100000010133064,2025-08-22T09:41:10
DEEDEV,INE841L01016,2025-08-22,NSE,EQ,EQ,sell,false,1.000000,274.850000,201250437,1100000010133064,2025-08-22T09:41:10
DEEDEV,INE841L01016,2025-08-22,NSE,EQ,EQ,sell,false,18.000000,274.850000,201250438,1100000010133064,2025-08-22T09:41:10
DEEDEV,INE841L01016,2025-08-22,NSE,EQ,EQ,sell,false,28.000000,275.050000,201250432,1100000010133064,2025-08-22T09:41:10
DEEDEV,INE841L01016,2025-08-22,NSE,EQ,EQ,sell,false,35.000000,274.950000,201250434,1100000010133064,2025-08-22T09:41:10
DEEDEV,INE841L01016,2025-08-22,NSE,EQ,EQ,sell,false,4.000000,275.000000,201250433,1100000010133064,2025-08-22T09:41:10
DEEDEV,INE841L01016,2025-08-22,NSE,EQ,EQ,sell,false,9.000000,274.850000,201250439,1100000010133064,2025-08-22T09:41:10
PPLPHARMA,INE0DK501011,2025-08-22,NSE,EQ,EQ,buy,false,51.000000,194.790000,401285897,1200000012973233,2025-08-22T09:55:30
PFC,INE134E01011,2025-08-22,NSE,EQ,EQ,buy,false,3.000000,400.700000,402667276,1200000028067399,2025-08-22T11:24:34
PFC,INE134E01011,2025-08-22,NSE,EQ,EQ,buy,false,22.000000,400.700000,402667275,1200000028067399,2025-08-22T11:24:34
FIVESTAR,INE128S01021,2025-08-22,NSE,EQ,EQ,buy,false,10.000000,588.900000,207229421,1100000060805696,2025-08-22T14:50:20
DATAPATTNS,INE0IX101010,2025-08-25,NSE,EQ,EQ,buy,false,1.000000,2615.000000,200083105,1100000000325542,2025-08-25T09:15:01
IGPL,INE204A01010,2025-08-25,NSE,EQ,EQ,sell,false,16.000000,460.000000,200386714,1100000002612222,2025-08-25T09:19:13
IGPL,INE204A01010,2025-08-25,NSE,EQ,EQ,sell,false,5.000000,460.000000,200386713,1100000002612222,2025-08-25T09:19:13
INFY,INE009A01021,2025-08-25,BSE,EQ,A,sell,false,2.000000,1516.600000,1348900,1756092600093476346,2025-08-25T09:23:28
BMW,INE374E01021,2025-08-25,BSE,EQ,B,sell,false,200.000000,48.500000,1406000,1756092600037102183,2025-08-25T09:26:37
TCS,INE467B01029,2025-08-25,NSE,EQ,EQ,buy,false,2.000000,3117.900000,600904947,1300000006922922,2025-08-25T09:32:19
TCS,INE467B01029,2025-08-25,NSE,EQ,EQ,buy,false,1.000000,3117.900000,600904948,1300000006922922,2025-08-25T09:32:19
CMSINFO,INE925R01014,2025-08-25,NSE,EQ,EQ,buy,false,13.000000,445.800000,1247275,1000000011123764,2025-08-25T09:58:15
COALINDIA,INE522F01014,2025-08-25,NSE,EQ,EQ,sell,false,20.000000,380.250000,4306024,1000000041589645,2025-08-25T13:53:52
BBL,INE464A01036,2025-08-25,NSE,EQ,EQ,buy,false,1.000000,2820.000000,4424569,1000000042660968,2025-08-25T14:03:58
BBL,INE464A01036,2025-08-25,NSE,EQ,EQ,buy,false,1.000000,2820.000000,4424472,1000000042660968,2025-08-25T14:03:58
BBL,INE464A01036,2025-08-25,NSE,EQ,EQ,sell,false,2.000000,2884.000000,6019247,1000000052728157,2025-08-25T15:26:20
ITC,INE154A01025,2025-08-25,BSE,EQ,A,buy,false,5.000000,399.400000,6788100,1756115745773058785,2025-08-25T15:29:05
KITEX,INE602G01020,2025-08-26,NSE,EQ,EQ,buy,false,50.000000,178.490000,400023984,1200000000267232,2025-08-26T09:15:00
BODALCHEM,INE338D01028,2025-08-26,NSE,EQ,EQ,buy,false,98.000000,65.000000,6736163,1000000000203998,2025-08-26T09:15:02
BODALCHEM,INE338D01028,2025-08-26,NSE,EQ,EQ,buy,false,51.000000,65.000000,6805768,1000000000203998,2025-08-26T09:15:02
YUKEN,INE384C01016,2025-08-26,NSE,EQ,EQ,buy,false,9.000000,990.000000,600809904,1300000006498427,2025-08-26T09:30:42
FINPIPE,INE183A01024,2025-08-26,NSE,EQ,EQ,sell,false,2.000000,210.060000,201265410,1100000010097363,2025-08-26T09:39:40
FINPIPE,INE183A01024,2025-08-26,NSE,EQ,EQ,sell,false,2.000000,210.080000,201265407,1100000010097363,2025-08-26T09:39:40
FINPIPE,INE183A01024,2025-08-26,NSE,EQ,EQ,sell,false,41.000000,210.090000,201265406,1100000010097363,2025-08-26T09:39:40
FINPIPE,INE183A01024,2025-08-26,NSE,EQ,EQ,sell,false,4.000000,210.060000,201265411,1100000010097363,2025-08-26T09:39:40
FINPIPE,INE183A01024,2025-08-26,NSE,EQ,EQ,sell,false,48.000000,210.080000,201265408,1100000010097363,2025-08-26T09:39:40
FINPIPE,INE183A01024,2025-08-26,NSE,EQ,EQ,sell,false,15.000000,210.050000,201265414,1100000010097363,2025-08-26T09:39:40
FINPIPE,INE183A01024,2025-08-26,NSE,EQ,EQ,sell,false,1.000000,210.080000,201265409,1100000010097363,2025-08-26T09:39:40
FINPIPE,INE183A01024,2025-08-26,NSE,EQ,EQ,sell,false,1.000000,210.060000,201265412,1100000010097363,2025-08-26T09:39:40
FINPIPE,INE183A01024,2025-08-26,NSE,EQ,EQ,sell,false,14.000000,210.060000,201265413,1100000010097363,2025-08-26T09:39:40
BBL,INE464A01036,2025-08-26,NSE,EQ,EQ,sell,false,6.000000,2863.500000,1017298,1000000008581789,2025-08-26T09:40:37
PNCINFRA,INE195J01029,2025-08-28,NSE,EQ,EQ,buy,false,33.000000,296.900000,400051005,1200000000282249,2025-08-28T09:15:05
KPL,INE552U01010,2025-08-28,BSE,EQ,B,buy,false,10.000000,990.000000,273300,1756351800009037133,2025-08-28T09:17:47
IGPL,INE204A01010,2025-08-28,NSE,EQ,EQ,buy,false,22.000000,435.000000,200691428,1100000003915789,2025-08-28T09:21:36
DEEDEV,INE841L01016,2025-08-28,NSE,EQ,EQ,buy,false,37.000000,266.000000,200851396,1100000005858487,2025-08-28T09:26:06
HCLTECH,INE860A01027,2025-08-28,NSE,EQ,EQ,buy,false,6.000000,1450.000000,208405494,1100000044156151,2025-08-28T12:51:41
KPL,INE552U01010,2025-08-28,BSE,EQ,B,sell,false,2.000000,1000.050000,8003100,1756351800009237974,2025-08-28T14:48:57
KPL,INE552U01010,2025-08-28,BSE,EQ,B,sell,false,8.000000,1000.100000,8002900,1756351800009237974,2025-08-28T14:48:57
PNCINFRA,INE195J01029,2025-08-28,NSE,EQ,EQ,sell,false,33.000000,300.000000,406423537,1200000061048268,2025-08-28T14:49:19
IGPL,INE204A01010,2025-08-28,NSE,EQ,EQ,sell,false,2.000000,430.050000,208032940,1100000061802787,2025-08-28T14:49:52
IGPL,INE204A01010,2025-08-28,NSE,EQ,EQ,sell,false,20.000000,430.050000,208032939,1100000061802787,2025-08-28T14:49:52
AWFIS,INE108V01019,2025-08-28,NSE,EQ,EQ,buy,false,17.000000,568.600000,6291788,1000000054416625,2025-08-28T15:12:02
KITEX,INE602G01020,2025-08-29,NSE,EQ,EQ,buy,false,6.000000,171.100000,400587837,1200000000272448,2025-08-29T09:15:04
INDUSTOWER,INE121J01017,2025-08-29,NSE,EQ,EQ,buy,false,21.000000,338.600000,200090993,1100000000602884,2025-08-29T09:15:31
BMW,INE374E01021,2025-08-29,BSE,EQ,B,buy,false,1.000000,46.900000,1544500,1756438200015014828,2025-08-29T09:40:20
BMW,INE374E01021,2025-08-29,BSE,EQ,B,buy,false,211.000000,46.890000,1544300,1756438200015014828,2025-08-29T09:40:20
KITEX,INE602G01020,2025-08-29,NSE,EQ,EQ,buy,false,6.000000,172.410000,401045722,1200000009766275,2025-08-29T09:40:32
M&MFIN,INE774D01024,2025-08-29,NSE,EQ,EQ,buy,false,39.000000,255.000000,404146383,1200000019029607,2025-08-29T10:20:37
KITEX,INE602G01020,2025-08-29,NSE,EQ,EQ,buy,false,1.000000,173.270000,402320937,1200000023875115,2025-08-29T10:45:00
KITEX,INE602G01020,2025-08-29,NSE,EQ,EQ,buy,false,5.000000,173.430000,402320938,1200000023875115,2025-08-29T10:45:00
DEEDEV,INE841L01016,2025-08-29,BSE,EQ,B,sell,false,20.000000,270.050000,9257600,1756449687684075065,2025-08-29T12:23:21
PERSISTENT,INE262H01021,2025-08-29,NSE,EQ,EQ,sell,false,1.000000,5314.000000,403737125,1200000040229200,2025-08-29T12:25:06
ITC,INE154A01025,2025-08-29,NSE,EQ,EQ,sell,false,10.000000,407.250000,205062527,1100000043843197,2025-08-29T12:53:03
KPL,INE552U01010,2025-09-01,BSE,EQ,B,buy,false,10.000000,984.950000,147800,1756697400006040099,2025-09-01T09:15:05
KITEX,INE602G01020,2025-09-01,BSE,EQ,B,sell,false,9.000000,183.100000,170900,1756697400001028219,2025-09-01T09:16:20
KITEX,INE602G01020,2025-09-01,BSE,EQ,B,sell,false,34.000000,183.150000,170700,1756697400001028219,2025-09-01T09:16:20
KITEX,INE602G01020,2025-09-01,BSE,EQ,B,sell,false,25.000000,183.300000,170500,1756697400001028219,2025-09-01T09:16:20
YUKEN,INE384C01016,2025-09-01,BSE,EQ,B,sell,false,1.000000,1017.300000,466400,1756697400005058059,2025-09-01T09:16:29
ITC,INE154A01025,2025-09-01,BSE,EQ,A,sell,false,1.000000,409.600000,325400,1756697400009087629,2025-09-01T09:18:43
ITC,INE154A01025,2025-09-01,BSE,EQ,A,sell,false,9.000000,409.650000,325200,1756697400009087629,2025-09-01T09:18:43
ONGC,INE213A01029,2025-09-01,NSE,EQ,EQ,buy,false,17.000000,234.490000,400462635,1200000003643579,2025-09-01T09:22:40
YUKEN,INE384C01016,2025-09-01,BSE,EQ,B,sell,false,8.000000,1005.150000,10359300,1756697400005481934,2025-09-01T09:22:57
NAHARINDUS-T,INE289A01011,2025-09-01,BSE,EQ,T,buy,false,6.000000,112.850000,2010800,1756697400001243019,2025-09-01T09:52:15
STERTOOLS,INE334A01023,2025-09-01,NSE,EQ,EQ,buy,false,9.000000,309.700000,602063661,1300000012764179,2025-09-01T10:00:07
STERTOOLS,INE334A01023,2025-09-01,NSE,EQ,EQ,buy,false,1.000000,309.700000,602059853,1300000012764179,2025-09-01T10:00:07
ITDC,INE353K01014,2025-09-01,NSE,EQ,EQ,buy,false,8.000000,532.300000,202364394,1100000015940211,2025-09-01T10:06:36
BMW,INE374E01021,2025-09-01,BSE,EQ,B,sell,false,100.000000,47.100000,4744200,1756697400006030678,2025-09-01T11:21:45
BAJAJHFL,INE377Y01014,2025-09-01,BSE,EQ,A,buy,false,10.000000,111.750000,5350300,1756705486263160118,2025-09-01T11:22:06
AWFIS,INE108V01019,2025-09-01,NSE,EQ,EQ,sell,false,3.000000,569.900000,2653702,1000000024425392,2025-09-01T11:25:00
AWFIS,INE108V01019,2025-09-01,NSE,EQ,EQ,sell,false,7.000000,569.900000,2653703,1000000024425392,2025-09-01T11:25:00
PFC,INE134E01011,2025-09-01,NSE,EQ,EQ,buy,false,24.000000,387.250000,403764233,1200000034070382,2025-09-01T12:02:37
PPLPHARMA,INE0DK501011,2025-09-01,NSE,EQ,EQ,buy,false,52.000000,187.050000,404072075,1200000036846332,2025-09-01T12:21:53
CENTRALBK,INE483A01010,2025-09-01,NSE,EQ,EQ,buy,false,116.000000,35.150000,6073210,1000000052788036,2025-09-01T15:20:03
LUXIND,INE150G01020,2025-09-02,NSE,EQ,EQ,buy,false,1.000000,1299.400000,401012528,1200000007514306,2025-09-02T09:34:39
DEEDEV,INE841L01016,2025-09-02,NSE,EQ,EQ,sell,false,52.000000,274.000000,201219003,1100000009331430,2025-09-02T09:43:55
PPLPHARMA,INE0DK501011,2025-09-02,NSE,EQ,EQ,sell,false,20.000000,188.500000,401392115,1200000010686045,2025-09-02T09:45:58
STERTOOLS,INE334A01023,2025-09-02,BSE,EQ,B,sell,false,10.000000,323.100000,3440600,1756786695251101545,2025-09-02T09:52:36
LODHA,INE670K01029,2025-09-02,BSE,EQ,A,buy,false,2.000000,1209.550000,2409700,1756786599458089388,2025-09-02T09:54:39
ITDC,INE353K01014,2025-09-02,NSE,EQ,EQ,buy,false,8.000000,549.100000,202507063,1100000018778399,2025-09-02T10:32:11
JINDALSAW,INE324A01032,2025-09-02,BSE,EQ,A,sell,false,20.000000,206.900000,5867900,1756790741396551041,2025-09-02T11:20:20
CENTRALBK,INE483A01010,2025-09-02,BSE,EQ,A,sell,false,50.000000,35.640000,4480800,1756789631535806781,2025-09-02T11:23:04
CENTRALBK,INE483A01010,2025-09-02,BSE,EQ,A,sell,false,17.000000,35.630000,4481000,1756789631535806781,2025-09-02T11:23:04
CENTRALBK,INE483A01010,2025-09-02,BSE,EQ,A,sell,false,33.000000,35.620000,4481200,1756789631535806781,2025-09-02T11:23:04
GAEL,INE036B01030,2025-09-02,BSE,EQ,A,sell,false,20.000000,105.700000,4508300,1756789631535823227,2025-09-02T11:24:27
MGL,INE002S01010,2025-09-02,BSE,EQ,A,buy,false,1.000000,1277.650000,4653200,1756791253333538567,2025-09-02T11:28:47
POLYPLEX,INE633B01018,2025-09-02,BSE,EQ,B,buy,false,2.000000,1023.700000,9166000,1756789938546959148,2025-09-02T11:29:30
CAPITALSFB,INE646H01017,2025-09-02,NSE,EQ,EQ,buy,false,5.000000,282.000000,2873537,1000000023740807,2025-09-02T11:32:08
CAPITALSFB,INE646H01017,2025-09-02,NSE,EQ,EQ,buy,false,30.000000,282.000000,2978150,1000000023740807,2025-09-02T11:32:08
DEEDEV,INE841L01016,2025-09-02,NSE,EQ,EQ,buy,false,3.000000,272.450000,206488723,1100000048273418,2025-09-02T13:43:50
DEEDEV,INE841L01016,2025-09-02,NSE,EQ,EQ,buy,false,33.000000,272.450000,206489553,1100000048273418,2025-09-02T13:43:50
INDUSTOWER,INE121J01017,2025-09-02,BSE,EQ,A,sell,false,10.000000,328.700000,4104900,1756800181667452731,2025-09-02T13:55:16
CAPITALSFB,INE646H01017,2025-09-02,NSE,EQ,EQ,sell,false,35.000000,281.200000,4868107,1000000041223198,2025-09-02T13:57:16
DEEDEV,INE841L01016,2025-09-02,NSE,EQ,EQ,sell,false,20.000000,280.150000,208266930,1100000062405939,2025-09-02T14:58:44
DEEDEV,INE841L01016,2025-09-02,NSE,EQ,EQ,sell,false,11.000000,280.100000,208266931,1100000062405939,2025-09-02T14:58:44
DEEDEV,INE841L01016,2025-09-02,NSE,EQ,EQ,sell,false,5.000000,280.050000,208266932,1100000062405939,2025-09-02T14:58:44
FIVESTAR,INE128S01021,2025-09-03,NSE,EQ,EQ,buy,false,3.000000,534.350000,200182193,1100000001154014,2025-09-03T09:16:20
FIVESTAR,INE128S01021,2025-09-03,NSE,EQ,EQ,buy,false,8.000000,534.350000,200182192,1100000001154014,2025-09-03T09:16:20
JINDALSAW,INE324A01032,2025-09-03,NSE,EQ,EQ,buy,false,5.000000,208.230000,200786124,1100000005653364,2025-09-03T09:26:39
JINDALSAW,INE324A01032,2025-09-03,NSE,EQ,EQ,buy,false,3.000000,208.260000,200786126,1100000005653364,2025-09-03T09:26:39
JINDALSAW,INE324A01032,2025-09-03,NSE,EQ,EQ,buy,false,5.000000,208.250000,200786125,1100000005653364,2025-09-03T09:26:39
PPLPHARMA,INE0DK501011,2025-09-03,NSE,EQ,EQ,buy,false,51.000000,189.940000,401077448,1200000008322828,2025-09-03T09:33:53
PPLPHARMA,INE0DK501011,2025-09-03,NSE,EQ,EQ,buy,false,1.000000,189.940000,401077447,1200000008322828,2025-09-03T09:33:53
PPLPHARMA,INE0DK501011,2025-09-03,BSE,EQ,A,sell,false,83.000000,194.400000,1808700,1756873074545453856,2025-09-03T10:05:42
MGL,INE002S01010,2025-09-03,BSE,EQ,A,buy,false,1.000000,1311.350000,2615800,1756873655962264985,2025-09-03T10:14:10
STERTOOLS,INE334A01023,2025-09-03,NSE,EQ,EQ,buy,false,10.000000,324.800000,602286056,1300000017576864,2025-09-03T10:17:49
STERTOOLS,INE334A01023,2025-09-03,NSE,EQ,EQ,buy,false,20.000000,325.000000,602286057,1300000017576864,2025-09-03T10:17:49
PFC,INE134E01011,2025-09-03,BSE,EQ,A,sell,false,10.000000,395.000000,7001300,1756873074545633184,2025-09-03T10:17:57
STERTOOLS,INE334A01023,2025-09-03,NSE,EQ,EQ,sell,false,30.000000,325.000000,602601818,1300000017826883,2025-09-03T10:19:08
ITDC,INE353K01014,2025-09-03,BSE,EQ,B,sell,false,10.000000,554.750000,6507500,1756876696663929343,2025-09-03T11:56:57
PFC,INE134E01011,2025-09-03,BSE,EQ,A,sell,false,10.000000,392.600000,4683100,1756878667678917548,2025-09-03T12:01:36
JSWENERGY,INE121E01018,2025-09-03,NSE,EQ,EQ,buy,false,19.000000,510.000000,206427310,1100000043299813,2025-09-03T12:46:10
LUXIND,INE150G01020,2025-09-03,NSE,EQ,EQ,buy,false,1.000000,1314.600000,408799187,1200000074196707,2025-09-03T15:25:35
INDUSTOWER,INE121J01017,2025-09-04,NSE,EQ,EQ,buy,false,5.000000,327.000000,200059053,1100000000339499,2025-09-04T09:15:03
CMSINFO,INE925R01014,2025-09-04,NSE,EQ,EQ,buy,false,3.000000,419.450000,247082,1000000000328802,2025-09-04T09:15:09
CMSINFO,INE925R01014,2025-09-04,NSE,EQ,EQ,buy,false,9.000000,419.450000,231406,1000000000328802,2025-09-04T09:15:09
CMSINFO,INE925R01014,2025-09-04,NSE,EQ,EQ,buy,false,9.000000,419.450000,246611,1000000000328802,2025-09-04T09:15:09
CENTRALBK,INE483A01010,2025-09-04,NSE,EQ,EQ,buy,false,1.000000,36.000000,92700,1000000000421709,2025-09-04T09:15:16
CENTRALBK,INE483A01010,2025-09-04,NSE,EQ,EQ,buy,false,113.000000,36.000000,97613,1000000000421709,2025-09-04T09:15:16
PPLPHARMA,INE0DK501011,2025-09-04,BSE,EQ,A,sell,false,52.000000,200.700000,310400,1756956600041051299,2025-09-04T09:16:10
KPL,INE552U01010,2025-09-04,BSE,EQ,B,buy,false,10.000000,970.000000,1724400,1756956600008025129,2025-09-04T09:41:19
SONACOMS,INE073K01018,2025-09-04,NSE,EQ,EQ,buy,false,1.000000,454.800000,601308179,1300000009925988,2025-09-04T09:41:36
BMW,INE374E01021,2025-09-04,BSE,EQ,B,sell,false,1.000000,50.600000,1961500,1756956600008100035,2025-09-04T09:51:26
BMW,INE374E01021,2025-09-04,BSE,EQ,B,sell,false,1.000000,50.600000,1949800,1756956600008100035,2025-09-04T09:51:26
BMW,INE374E01021,2025-09-04,BSE,EQ,B,sell,false,10.000000,50.600000,1946800,1756956600008100035,2025-09-04T09:51:26
BMW,INE374E01021,2025-09-04,BSE,EQ,B,sell,false,100.000000,50.600000,1964900,1756956600008100035,2025-09-04T09:51:26
BMW,INE374E01021,2025-09-04,BSE,EQ,B,sell,false,355.000000,50.600000,1965500,1756956600008100035,2025-09-04T09:51:26
ITDC,INE353K01014,2025-09-04,BSE,EQ,B,sell,false,10.000000,557.200000,3218300,1756956600040897154,2025-09-04T09:52:07
LODHA,INE670K01029,2025-09-04,NSE,EQ,EQ,sell,false,4.000000,1221.800000,402267860,1200000017368646,2025-09-04T09:59:47
WIPRO,INE075A01022,2025-09-04,NSE,EQ,EQ,buy,false,40.000000,247.000000,605560526,1300000024329660,2025-09-04T10:55:25
KITEX,INE602G01020,2025-09-04,NSE,EQ,EQ,buy,false,55.000000,179.550000,404527614,1200000038193068,2025-09-04T11:49:06
DEEDEV,INE841L01016,2025-09-04,NSE,EQ,EQ,buy,false,1.000000,272.000000,207893906,1100000064387834,2025-09-04T14:23:57
DEEDEV,INE841L01016,2025-09-04,NSE,EQ,EQ,buy,false,1.000000,272.000000,207893312,1100000064387834,2025-09-04T14:23:57
DEEDEV,INE841L01016,2025-09-04,NSE,EQ,EQ,buy,false,1.000000,272.000000,207894175,1100000064387834,2025-09-04T14:23:57
DEEDEV,INE841L01016,2025-09-04,NSE,EQ,EQ,buy,false,1.000000,272.000000,207895544,1100000064387834,2025-09-04T14:23:57
DEEDEV,INE841L01016,2025-09-04,NSE,EQ,EQ,buy,false,27.000000,272.000000,207892840,1100000064387834,2025-09-04T14:23:57
DEEDEV,INE841L01016,2025-09-04,NSE,EQ,EQ,buy,false,5.000000,272.000000,208219381,1100000064387834,2025-09-04T14:23:57
SONACOMS,INE073K01018,2025-09-05,NSE,EQ,EQ,buy,false,1.000000,441.550000,600094093,1300000000764699,2025-09-05T09:15:53
INDUSTOWER,INE121J01017,2025-09-05,NSE,EQ,EQ,buy,false,5.000000,326.850000,200105001,1100000000839091,2025-09-05T09:15:56
LODHA,INE670K01029,2025-09-05,NSE,EQ,EQ,buy,false,2.000000,1202.500000,400132058,1200000000965078,2025-09-05T09:16:15
M&MFIN,INE774D01024,2025-09-05,BSE,EQ,A,sell,false,22.000000,264.750000,126100,1757043000023065263,2025-09-05T09:20:01
M&MFIN,INE774D01024,2025-09-05,BSE,EQ,A,sell,false,17.000000,264.800000,125900,1757043000023065263,2025-09-05T09:20:01
BODALCHEM,INE338D01028,2025-09-05,NSE,EQ,EQ,buy,false,4.000000,65.000000,336793,1000000003203631,2025-09-05T09:23:28
ITC,INE154A01025,2025-09-05,NSE,EQ,EQ,sell,false,15.000000,410.000000,200456497,1100000004084146,2025-09-05T09:24:12
HCLTECH,INE860A01027,2025-09-05,NSE,EQ,EQ,buy,false,7.000000,1410.000000,201977325,1100000017083498,2025-09-05T10:16:19
VBL,INE200M01039,2025-09-05,NSE,EQ,EQ,buy,false,21.000000,473.000000,604140827,1300000038225433,2025-09-05T12:34:05
DATAPATTNS,INE0IX101010,2025-09-05,NSE,EQ,EQ,buy,false,1.000000,2508.800000,205701301,1100000050041508,2025-09-05T13:37:40
KITEX,INE602G01020,2025-09-05,BSE,EQ,B,sell,false,10.000000,186.150000,3768500,1757050872054865184,2025-09-05T14:33:15
KITEX,INE602G01020,2025-09-05,BSE,EQ,B,sell,false,45.000000,186.100000,3768800,1757050872054865184,2025-09-05T14:33:15
DEEDEV,INE841L01016,2025-09-08,BSE,EQ,B,sell,false,36.000000,277.450000,390300,1757302200050041180,2025-09-08T09:15:56
COALINDIA,INE522F01014,2025-09-08,BSE,EQ,A,sell,false,25.000000,393.050000,237700,1757302200087097766,2025-09-08T09:16:42
WIPRO,INE075A01022,2025-09-08,BSE,EQ,A,sell,false,40.000000,246.200000,397900,1757302200084160562,2025-09-08T09:17:31
VBL,INE200M01039,2025-09-08,BSE,EQ,A,sell,false,21.000000,471.600000,553900,1757302200081169373,2025-09-08T09:17:46
HCLTECH,INE860A01027,2025-09-08,BSE,EQ,A,sell,false,5.000000,1421.000000,1336900,1757302200081376349,2025-09-08T09:18:31
INDUSTOWER,INE121J01017,2025-09-08,NSE,EQ,EQ,sell,false,20.000000,336.450000,200341670,1100000002345760,2025-09-08T09:19:03
LODHA,INE670K01029,2025-09-08,BSE,EQ,A,buy,false,2.000000,1181.550000,879000,1757302200081243870,2025-09-08T09:20:47
BAJAJHFL,INE377Y01014,2025-09-08,BSE,EQ,A,buy,false,10.000000,113.000000,730800,1757302200084379690,2025-09-08T09:25:13
STERTOOLS,INE334A01023,2025-09-08,NSE,EQ,EQ,sell,false,35.000000,336.750000,602827303,1300000022344759,2025-09-08T10:44:16
ONGC,INE213A01029,2025-09-08,BSE,EQ,A,sell,false,1.000000,232.450000,4496600,1757310287445283277,2025-09-08T11:34:38
ONGC,INE213A01029,2025-09-08,BSE,EQ,A,sell,false,19.000000,232.400000,4497000,1757310287445283277,2025-09-08T11:34:38
LEHAR-X,INE976H01018,2025-09-08,BSE,EQ,X,buy,false,36.000000,270.000000,4667800,1757302200001035396,2025-09-08T11:36:38
ZAGGLE,INE07K301024,2025-09-08,NSE,EQ,EQ,buy,false,26.000000,375.000000,606924820,1300000030268610,2025-09-08T11:37:50
JSWENERGY,INE121E01018,2025-09-08,NSE,EQ,EQ,sell,false,10.000000,514.900000,203768706,1100000031770847,2025-09-08T11:47:07
FIVESTAR,INE128S01021,2025-09-08,NSE,EQ,EQ,buy,false,11.000000,539.100000,205001591,1100000042031367,2025-09-08T13:01:36
INFY,INE009A01021,2025-09-09,NSE,EQ,EQ,sell,false,2.000000,1475.700000,200143021,1100000000898585,2025-09-09T09:15:48
PERSISTENT,INE262H01021,2025-09-09,BSE,EQ,A,sell,false,1.000000,5100.000000,1492900,1757388600013111679,2025-09-09T09:17:01
SONACOMS,INE073K01018,2025-09-09,BSE,EQ,A,sell,false,23.000000,454.400000,527100,1757388600006193660,2025-09-09T09:19:17
DATAPATTNS,INE0IX101010,2025-09-09,BSE,EQ,A,sell,false,1.000000,2564.050000,669300,1757388600054405588,2025-09-09T09:30:30
AWFIS,INE108V01019,2025-09-10,NSE,EQ,EQ,buy,false,11.000000,570.000000,42392,1000000000297329,2025-09-10T09:15:08
LODHA,INE670K01029,2025-09-10,NSE,EQ,EQ,buy,false,6.000000,1180.000000,400057232,1200000000405864,2025-09-10T09:15:12
KPL,INE552U01010,2025-09-10,BSE,EQ,B,sell,false,5.000000,942.050000,173500,1757475000020046083,2025-09-10T09:16:15
GAEL,INE036B01030,2025-09-10,BSE,EQ,A,sell,false,29.000000,105.900000,369800,1757475000157011768,2025-09-10T09:18:27
GAEL,INE036B01030,2025-09-10,BSE,EQ,A,sell,false,1.000000,106.000000,369600,1757475000157011768,2025-09-10T09:18:27
CENTRALBK,INE483A01010,2025-09-10,BSE,EQ,A,sell,false,150.000000,35.850000,501000,1757475000157220998,2025-09-10T09:20:21
INFY,INE009A01021,2025-09-10,BSE,EQ,A,sell,false,2.000000,1521.500000,1059500,1757475000031136513,2025-09-10T09:21:11
POLYPLEX,INE633B01018,2025-09-10,BSE,EQ,B,buy,false,1.000000,1032.250000,841400,1757475000059303898,2025-09-10T09:22:53
POLYPLEX,INE633B01018,2025-09-10,BSE,EQ,B,buy,false,1.000000,1032.200000,841200,1757475000059303898,2025-09-10T09:22:53
CENTRALBK,INE483A01010,2025-09-10,NSE,EQ,EQ,buy,false,1.000000,35.940000,521426,1000000003749259,2025-09-10T09:23:36
CENTRALBK,INE483A01010,2025-09-10,NSE,EQ,EQ,buy,false,3.000000,35.940000,521427,1000000003749259,2025-09-10T09:23:36
ITDC,INE353K01014,2025-09-10,NSE,EQ,EQ,sell,false,17.000000,690.150000,201031781,1100000007402155,2025-09-10T09:33:24
ITDC,INE353K01014,2025-09-10,NSE,EQ,EQ,sell,false,7.000000,690.100000,201031782,1100000007402155,2025-09-10T09:33:24
ITDC,INE353K01014,2025-09-10,NSE,EQ,EQ,sell,false,4.000000,690.150000,201031780,1100000007402155,2025-09-10T09:33:24
ITDC,INE353K01014,2025-09-10,NSE,EQ,EQ,sell,false,12.000000,690.100000,201031783,1100000007402155,2025-09-10T09:33:24
JINDALSAW,INE324A01032,2025-09-10,NSE,EQ,EQ,buy,false,2.000000,204.900000,201265734,1100000008997952,2025-09-10T09:39:32
CMSINFO,INE925R01014,2025-09-10,NSE,EQ,EQ,buy,false,2.000000,423.850000,2650824,1000000021647355,2025-09-10T11:03:48
TATATECH,INE142M01025,2025-09-10,BSE,EQ,A,sell,false,5.000000,709.700000,4442200,1757480362771903153,2025-09-10T11:11:31
STERTOOLS,INE334A01023,2025-09-10,NSE,EQ,EQ,sell,false,43.000000,338.000000,607213831,1300000056703292,2025-09-10T14:30:13
LEHAR-X,INE976H01018,2025-09-10,BSE,EQ,X,buy,false,1.000000,270.500000,8317600,1757475000001097397,2025-09-10T15:08:05
PERSISTENT,INE262H01021,2025-09-11,BSE,EQ,A,sell,false,2.000000,5355.500000,254000,1757561400011143623,2025-09-11T09:19:04
DATAPATTNS,INE0IX101010,2025-09-11,NSE,EQ,EQ,sell,false,5.000000,2630.000000,200959453,1100000006897554,2025-09-11T09:30:44
ONGC,INE213A01029,2025-09-11,NSE,EQ,EQ,buy,false,21.000000,234.680000,401129971,1200000009805640,2025-09-11T09:40:37
BAJAJHFL,INE377Y01014,2025-09-11,BSE,EQ,A,buy,false,10.000000,112.800000,1486700,1757561400022818461,2025-09-11T09:43:55
SONACOMS,INE073K01018,2025-09-11,NSE,EQ,EQ,buy,false,20.000000,438.200000,604608113,1300000040795285,2025-09-11T12:51:55
YUKEN,INE384C01016,2025-09-11,NSE,EQ,EQ,buy,false,10.000000,990.000000,604875736,1300000043163916,2025-09-11T13:05:29
KPL,INE552U01010,2025-09-11,BSE,EQ,B,buy,false,5.000000,950.000000,5491200,1757561400000035979,2025-09-11T13:09:53
BMW,INE374E01021,2025-09-11,BSE,EQ,B,buy,false,1.000000,48.000000,8091300,1757561400000338670,2025-09-11T15:28:23
BMW,INE374E01021,2025-09-11,BSE,EQ,B,buy,false,205.000000,48.000000,8155100,1757561400000338670,2025-09-11T15:28:23
BMW,INE374E01021,2025-09-11,BSE,EQ,B,buy,false,2.000000,48.000000,8096500,1757561400000338670,2025-09-11T15:28:23
STERTOOLS,INE334A01023,2025-09-12,NSE,EQ,EQ,buy,false,28.000000,337.900000,600193845,1300000001327526,2025-09-12T09:16:36
LODHA,INE670K01029,2025-09-12,NSE,EQ,EQ,sell,false,3.000000,1196.400000,400277826,1200000002254197,2025-09-12T09:19:06
GAEL,INE036B01030,2025-09-12,BSE,EQ,A,sell,false,120.000000,111.300000,343600,1757647800195227564,2025-09-12T09:21:29
VBL,INE200M01039,2025-09-12,NSE,EQ,EQ,buy,false,21.000000,470.000000,602858215,1300000024478854,2025-09-12T11:04:23
STERTOOLS,INE334A01023,2025-09-12,NSE,EQ,EQ,sell,false,1.000000,330.050000,606880338,1300000055863138,2025-09-12T15:20:42
STERTOOLS,INE334A01023,2025-09-12,NSE,EQ,EQ,sell,false,1.000000,330.050000,606880339,1300000055863138,2025-09-12T15:20:42
STERTOOLS,INE334A01023,2025-09-12,NSE,EQ,EQ,sell,false,12.000000,330.050000,606880340,1300000055863138,2025-09-12T15:20:42
STERTOOLS,INE334A01023,2025-09-12,NSE,EQ,EQ,sell,false,14.000000,330.100000,606880337,1300000055863138,2025-09-12T15:20:42
COALINDIA,INE522F01014,2025-09-15,NSE,EQ,EQ,sell,false,33.000000,398.000000,1263540,1000000010836280,2025-09-15T09:50:57
TCS,INE467B01029,2025-09-15,BSE,EQ,A,sell,false,3.000000,3116.700000,2744100,1757909663047133524,2025-09-15T09:51:23
JINDALSAW,INE324A01032,2025-09-15,BSE,EQ,A,sell,false,20.000000,210.500000,4101600,1757908823801626313,2025-09-15T09:53:44
JSWENERGY,INE121E01018,2025-09-15,BSE,EQ,A,sell,false,28.000000,529.450000,2910200,1757909075711718642,2025-09-15T10:01:16
POLYPLEX,INE633B01018,2025-09-15,BSE,EQ,B,buy,false,1.000000,1019.050000,4138300,1757909130057644340,2025-09-15T10:06:57
POLYPLEX,INE633B01018,2025-09-15,BSE,EQ,B,buy,false,1.000000,1019.100000,4138500,1757909130057644340,2025-09-15T10:06:57
SONACOMS,INE073K01018,2025-09-15,NSE,EQ,EQ,buy,false,2.000000,434.400000,602524235,1300000019859104,2025-09-15T10:32:01
LODHA,INE670K01029,2025-09-15,NSE,EQ,EQ,buy,false,3.000000,1179.300000,402934515,1200000027866807,2025-09-15T11:37:29
INDUSTOWER,INE121J01017,2025-09-15,NSE,EQ,EQ,sell,false,43.000000,362.000000,206478116,1100000055574036,2025-09-15T13:39:44
CAMPUS,INE278Y01022,2025-09-16,NSE,EQ,EQ,buy,false,37.000000,269.550000,176712,1000000001273785,2025-09-16T09:16:50
LODHA,INE670K01029,2025-09-16,NSE,EQ,EQ,sell,false,3.000000,1200.000000,405080884,1200000003917730,2025-09-16T09:23:05
ZAGGLE,INE07K301024,2025-09-16,BSE,EQ,A,buy,false,15.000000,360.000000,1169700,1757993400055441505,2025-09-16T09:27:16
MGL,INE002S01010,2025-09-16,BSE,EQ,A,sell,false,4.000000,1349.150000,2898500,1757997464238591557,2025-09-16T10:32:20
LUXIND,INE150G01020,2025-09-16,BSE,EQ,B,sell,false,2.000000,1340.000000,14349500,1758004631021575451,2025-09-16T12:47:16
LUXIND,INE150G01020,2025-09-16,BSE,EQ,B,sell,false,1.000000,1340.000000,14343600,1758004631021575451,2025-09-16T12:47:16
EPIGRAL,INE071N01016,2025-09-17,NSE,EQ,EQ,buy,false,5.000000,1785.400000,201104359,1100000005756792,2025-09-17T09:28:00
NAHARINDUS-T,INE289A01011,2025-09-17,BSE,EQ,T,sell,false,40.000000,118.000000,827200,1758079800000034031,2025-09-17T09:31:28
LUXIND,INE150G01020,2025-09-17,NSE,EQ,EQ,buy,false,2.000000,1355.800000,401813828,1200000014839058,2025-09-17T10:00:27
ITC,INE154A01025,2025-09-17,BSE,EQ,A,sell,false,36.000000,411.000000,1847200,1758083138716216493,2025-09-17T10:10:37
POLYPLEX,INE633B01018,2025-09-17,BSE,EQ,B,sell,false,1.000000,1058.500000,7133100,1758093677842879884,2025-09-17T13:53:34
POLYPLEX,INE633B01018,2025-09-17,BSE,EQ,B,sell,false,1.000000,1058.450000,7133300,1758093677842879884,2025-09-17T13:53:34
LUXIND,INE150G01020,2025-09-18,BSE,EQ,B,sell,false,4.000000,1405.050000,5835900,1758170100078612020,2025-09-18T10:23:13
CENTRALBK,INE483A01010,2025-09-18,NSE,EQ,EQ,sell,false,300.000000,37.600000,3388645,1000000029096804,2025-09-18T12:43:45
HCLTECH,INE860A01027,2025-09-19,NSE,EQ,EQ,sell,false,1.000000,1480.000000,200874160,1100000005928298,2025-09-19T09:32:24
HCLTECH,INE860A01027,2025-09-19,NSE,EQ,EQ,sell,false,3.000000,1480.000000,200874257,1100000005928298,2025-09-19T09:32:24
HCLTECH,INE860A01027,2025-09-19,NSE,EQ,EQ,sell,false,1.000000,1480.000000,200873252,1100000005928298,2025-09-19T09:32:24
HCLTECH,INE860A01027,2025-09-19,NSE,EQ,EQ,sell,false,3.000000,1480.000000,200866574,1100000005928298,2025-09-19T09:32:24
KPL,INE552U01010,2025-09-19,BSE,EQ,B,sell,false,4.000000,970.000000,2363800,1758252600001014265,2025-09-19T09:38:40
KPL,INE552U01010,2025-09-19,BSE,EQ,B,sell,false,1.000000,970.000000,2721700,1758252600001014265,2025-09-19T09:38:40
AWFIS,INE108V01019,2025-09-19,NSE,EQ,EQ,sell,false,1.000000,606.150000,1458221,1000000010515806,2025-09-19T09:53:52
AWFIS,INE108V01019,2025-09-19,NSE,EQ,EQ,sell,false,12.000000,606.150000,1458223,1000000010515806,2025-09-19T09:53:52
AWFIS,INE108V01019,2025-09-19,NSE,EQ,EQ,sell,false,22.000000,606.150000,1458222,1000000010515806,2025-09-19T09:53:52
LUXIND,INE150G01020,2025-09-19,NSE,EQ,EQ,buy,false,3.000000,1389.000000,406956963,1200000051422793,2025-09-19T15:29:22
LUXIND,INE150G01020,2025-09-19,NSE,EQ,EQ,buy,false,1.000000,1388.000000,406956962,1200000051422793,2025-09-19T15:29:22
WIPRO,INE075A01022,2025-09-22,NSE,EQ,EQ,buy,false,40.000000,248.490000,600088926,1300000000422533,2025-09-22T09:15:05
TATATECH,INE142M01025,2025-09-22,NSE,EQ,EQ,sell,false,1.000000,710.000000,600090595,1300000000430366,2025-09-22T09:15:06
TATATECH,INE142M01025,2025-09-22,NSE,EQ,EQ,sell,false,4.000000,710.000000,600090596,1300000000430366,2025-09-22T09:15:06
PERSISTENT,INE262H01021,2025-09-22,NSE,EQ,EQ,buy,false,1.000000,5231.500000,400101218,1200000000563846,2025-09-22T09:15:28
KPL,INE552U01010,2025-09-22,BSE,EQ,B,buy,false,5.000000,950.000000,901200,1758511800072041092,2025-09-22T09:16:57
ZAGGLE,INE07K301024,2025-09-22,NSE,EQ,EQ,buy,false,12.000000,356.350000,600634520,1300000004298312,2025-09-22T09:22:18
ZAGGLE,INE07K301024,2025-09-22,NSE,EQ,EQ,buy,false,1.000000,356.300000,600634519,1300000004298312,2025-09-22T09:22:18
NAHARINDUS,INE289A01011,2025-09-22,NSE,EQ,EQ,sell,false,50.000000,120.020000,400592019,1200000004869132,2025-09-22T09:25:33
PERSISTENT,INE262H01021,2025-09-22,NSE,EQ,EQ,sell,false,1.000000,5303.000000,400707969,1200000005986630,2025-09-22T09:28:53
LUXIND,INE150G01020,2025-09-22,NSE,EQ,EQ,sell,false,3.000000,1359.000000,402802221,1200000027662711,2025-09-22T11:17:54
ONGC,INE213A01029,2025-09-22,NSE,EQ,EQ,sell,false,20.000000,236.030000,402822171,1200000027876116,2025-09-22T11:19:19
ZAGGLE,INE07K301024,2025-09-22,NSE,EQ,EQ,buy,false,13.000000,355.200000,604794647,1300000039564889,2025-09-22T12:18:38
POLYPLEX,INE633B01018,2025-09-22,NSE,EQ,EQ,sell,false,5.000000,1085.500000,404495933,1200000045628614,2025-09-22T13:28:17
INOXWIND,INE066P01011,2025-09-22,BSE,EQ,A,sell,false,10.000000,154.250000,4354100,1758524834078827194,2025-09-22T13:29:07
IGPL,INE204A01010,2025-09-22,NSE,EQ,EQ,buy,false,23.000000,430.000000,208383378,1100000056964664,2025-09-22T14:26:17
ZAGGLE,INE07K301024,2025-09-23,NSE,EQ,EQ,sell,false,10.000000,365.700000,600376360,1300000002814938,2025-09-23T09:19:51
MGL,INE002S01010,2025-09-23,BSE,EQ,A,buy,false,2.000000,1309.550000,1397200,1758599691877100560,2025-09-23T09:27:34
SONACOMS,INE073K01018,2025-09-23,NSE,EQ,EQ,buy,false,5.000000,427.200000,601523009,1300000012718682,2025-09-23T09:49:52
TCS,INE467B01029,2025-09-23,NSE,EQ,EQ,buy,false,3.000000,3053.600000,601603188,1300000013080524,2025-09-23T09:52:01
CENTRALBK,INE483A01010,2025-09-23,BSE,EQ,A,sell,false,200.000000,37.510000,2093800,1758600248959755099,2025-09-23T09:52:40
CENTRALBK,INE483A01010,2025-09-23,BSE,EQ,A,sell,false,79.000000,37.490000,2094100,1758600248959755099,2025-09-23T09:52:40
CENTRALBK,INE483A01010,2025-09-23,BSE,EQ,A,sell,false,99.000000,37.480000,2094400,1758600248959755099,2025-09-23T09:52:40
ACMESOLAR,INE622W01025,2025-09-23,NSE,EQ,EQ,buy,false,26.000000,283.000000,7280055,1000000068866467,2025-09-23T15:12:43
ACMESOLAR,INE622W01025,2025-09-23,NSE,EQ,EQ,buy,false,1.000000,283.000000,7280449,1000000068866467,2025-09-23T15:12:43
ACMESOLAR,INE622W01025,2025-09-23,NSE,EQ,EQ,buy,false,7.000000,283.000000,7280451,1000000068866467,2025-09-23T15:12:43
ACMESOLAR,INE622W01025,2025-09-23,NSE,EQ,EQ,buy,false,1.000000,283.000000,7280450,1000000068866467,2025-09-23T15:12:43
PERSISTENT,INE262H01021,2025-09-24,NSE,EQ,EQ,buy,false,2.000000,5200.000000,400087855,1200000000490995,2025-09-24T09:15:24
PFC,INE134E01011,2025-09-24,BSE,EQ,A,sell,false,29.000000,410.850000,533100,1758684600016223288,2025-09-24T09:24:16
NAHARINDUS,INE289A01011,2025-09-24,BSE,EQ,B,sell,false,77.000000,127.100000,3094100,1758688346445404070,2025-09-24T10:42:15
NAHARINDUS,INE289A01011,2025-09-24,BSE,EQ,B,sell,false,80.000000,127.150000,3093900,1758688346445404070,2025-09-24T10:42:15
ZAGGLE,INE07K301024,2025-09-24,NSE,EQ,EQ,buy,false,10.000000,352.400000,605560619,1300000054021356,2025-09-24T13:49:15
ZAGGLE,INE07K301024,2025-09-24,NSE,EQ,EQ,buy,false,26.000000,351.000000,605929871,1300000057046406,2025-09-24T14:08:25
CAPITALSFB,INE646H01017,2025-09-24,NSE,EQ,EQ,buy,false,35.000000,282.000000,6251312,1000000060977626,2025-09-24T14:53:46
ZAGGLE,INE07K301024,2025-09-24,NSE,EQ,EQ,sell,false,10.000000,351.700000,606839860,1300000065724230,2025-09-24T14:59:43
ACMESOLAR,INE622W01025,2025-09-24,BSE,EQ,B,sell,false,35.000000,283.100000,19073300,1758705698544328720,2025-09-24T15:00:42
KPL,INE552U01010,2025-09-24,BSE,EQ,B,sell,false,1.000000,956.350000,8150100,1758684600005008620,2025-09-24T15:01:25
KPL,INE552U01010,2025-09-24,BSE,EQ,B,sell,false,4.000000,956.400000,8149900,1758684600005008620,2025-09-24T15:01:25
ZAGGLE,INE07K301024,2025-09-25,NSE,EQ,EQ,sell,false,15.000000,358.000000,600431949,1300000003590554,2025-09-25T09:21:39
INOXWIND,INE066P01011,2025-09-25,NSE,EQ,EQ,buy,false,11.000000,147.000000,200638826,1100000005824083,2025-09-25T09:26:30
ITC,INE154A01025,2025-09-25,BSE,EQ,A,buy,false,13.000000,400.950000,1662300,1758774829087044505,2025-09-25T10:06:38
LODHA,INE670K01029,2025-09-25,NSE,EQ,EQ,buy,false,3.000000,1162.000000,402382612,1200000025948993,2025-09-25T10:45:03
JMFINANCIL,INE780C01023,2025-09-25,NSE,EQ,EQ,buy,false,59.000000,168.000000,203953344,1100000040908971,2025-09-25T12:05:14
PPLPHARMA,INE0DK501011,2025-09-26,NSE,EQ,EQ,buy,false,52.000000,192.000000,400042847,1200000000313985,2025-09-26T09:15:09
ITC,INE154A01025,2025-09-26,BSE,EQ,A,buy,false,13.000000,400.800000,334700,1758857400161177543,2025-09-26T09:18:57
HCLTECH,INE860A01027,2025-09-26,NSE,EQ,EQ,buy,false,6.000000,1410.000000,200413730,1100000002703653,2025-09-26T09:18:58
PNCINFRA,INE195J01029,2025-09-26,NSE,EQ,EQ,buy,false,33.000000,298.000000,400348776,1200000002921500,2025-09-26T09:20:03
STERTOOLS,INE334A01023,2025-09-26,NSE,EQ,EQ,buy,false,31.000000,315.000000,601016588,1300000004261669,2025-09-26T09:21:57
PNBGILTS,INE859A01011,2025-09-26,NSE,EQ,EQ,buy,false,103.000000,97.050000,400679364,1200000006372181,2025-09-26T09:27:47
AWFIS,INE108V01019,2025-09-26,NSE,EQ,EQ,buy,false,17.000000,565.000000,6512804,1000000072724490,2025-09-26T15:01:50
AMJLAND,INE606A01024,2025-09-26,NSE,EQ,EQ,buy,false,72.000000,54.000000,7330431,1000000077209385,2025-09-26T15:28:02
AMJLAND,INE606A01024,2025-09-26,NSE,EQ,EQ,buy,false,1.000000,54.000000,7330332,1000000077209385,2025-09-26T15:28:02
AMJLAND,INE606A01024,2025-09-26,NSE,EQ,EQ,buy,false,36.000000,54.000000,7328375,1000000077209385,2025-09-26T15:28:02
AMJLAND,INE606A01024,2025-09-26,NSE,EQ,EQ,buy,false,36.000000,54.000000,7328376,1000000077209385,2025-09-26T15:28:02
AMJLAND,INE606A01024,2025-09-26,NSE,EQ,EQ,buy,false,40.000000,54.000000,7328377,1000000077209385,2025-09-26T15:28:02
ZAGGLE,INE07K301024,2025-09-29,NSE,EQ,EQ,buy,false,16.000000,351.450000,600131125,1300000000432773,2025-09-29T09:15:08
KPL,INE552U01010,2025-09-29,BSE,EQ,B,buy,false,5.000000,911.100000,165900,1759116600007030086,2025-09-29T09:15:34
KPL,INE552U01010,2025-09-29,BSE,EQ,B,buy,false,1.000000,911.100000,179700,1759116600007030086,2025-09-29T09:15:34
INOXWIND,INE066P01011,2025-09-29,NSE,EQ,EQ,buy,false,11.000000,141.340000,201730685,1100000016710508,2025-09-29T09:58:59
WIPRO,INE075A01022,2025-09-29,NSE,EQ,EQ,buy,false,41.000000,239.750000,602651594,1300000025291413,2025-09-29T10:33:48
PARAGMILK,INE883N01014,2025-09-29,NSE,EQ,EQ,buy,false,37.000000,265.000000,403066320,1200000037035867,2025-09-29T11:36:26
ONGC,INE213A01029,2025-09-29,BSE,EQ,A,sell,false,64.000000,240.250000,3334300,1759125326011720833,2025-09-29T11:52:37
ACMESOLAR,INE622W01025,2025-09-29,NSE,EQ,EQ,buy,false,35.000000,279.400000,5214071,1000000063021557,2025-09-29T14:19:03
PNCINFRA,INE195J01029,2025-09-29,NSE,EQ,EQ,buy,false,47.000000,293.000000,405658768,1200000074941773,2025-09-29T14:34:23
PNCINFRA,INE195J01029,2025-09-29,NSE,EQ,EQ,buy,false,15.000000,292.950000,405658767,1200000074941773,2025-09-29T14:34:23
PNCINFRA,INE195J01029,2025-09-29,NSE,EQ,EQ,buy,false,6.000000,292.900000,405658766,1200000074941773,2025-09-29T14:34:23
FINPIPE,INE183A01024,2025-09-29,NSE,EQ,EQ,buy,false,50.000000,200.000000,209258982,1100000084088512,2025-09-29T15:08:04
LODHA,INE670K01029,2025-09-30,NSE,EQ,EQ,buy,false,1.000000,1162.000000,400051572,1200000000382864,2025-09-30T09:15:19
DEEDEV,INE841L01016,2025-09-30,NSE,EQ,EQ,buy,false,3.000000,271.600000,200644737,1100000005383326,2025-09-30T09:24:53
DEEDEV,INE841L01016,2025-09-30,NSE,EQ,EQ,buy,false,2.000000,271.600000,200644738,1100000005383326,2025-09-30T09:24:53
DEEDEV,INE841L01016,2025-09-30,NSE,EQ,EQ,buy,false,31.000000,271.600000,200644739,1100000005383326,2025-09-30T09:24:53
FINPIPE,INE183A01024,2025-09-30,BSE,EQ,A,sell,false,25.000000,203.250000,3178100,1759204349450709705,2025-09-30T09:33:49
FINPIPE,INE183A01024,2025-09-30,BSE,EQ,A,sell,false,1.000000,203.350000,3177600,1759204349450709705,2025-09-30T09:33:49
FINPIPE,INE183A01024,2025-09-30,BSE,EQ,A,sell,false,24.000000,203.300000,3177800,1759204349450709705,2025-09-30T09:33:49
ZAGGLE,INE07K301024,2025-09-30,NSE,EQ,EQ,sell,false,15.000000,358.750000,601057897,1300000009231496,2025-09-30T09:34:15
PNCINFRA,INE195J01029,2025-09-30,BSE,EQ,A,sell,false,17.000000,293.200000,1299000,1759203000038870385,2025-09-30T09:35:19
PNCINFRA,INE195J01029,2025-09-30,BSE,EQ,A,sell,false,3.000000,293.150000,1299200,1759203000038870385,2025-09-30T09:35:19
TATATECH,INE142M01025,2025-09-30,NSE,EQ,EQ,buy,false,5.000000,680.650000,601695438,1300000015708121,2025-09-30T09:57:16
MGL,INE002S01010,2025-09-30,BSE,EQ,A,buy,false,2.000000,1277.100000,2168800,1759207484004639100,2025-09-30T10:42:00
ITC,INE154A01025,2025-10-01,BSE,EQ,A,sell,false,1.000000,401.050000,100800,1759289400018072437,2025-10-01T09:17:15
ITC,INE154A01025,2025-10-01,BSE,EQ,A,sell,false,25.000000,401.100000,100600,1759289400018072437,2025-10-01T09:17:15
JINDALSAW,INE324A01032,2025-10-01,NSE,EQ,EQ,buy,false,10.000000,203.500000,200343200,1100000003071552,2025-10-01T09:19:50
PNCINFRA,INE195J01029,2025-10-01,NSE,EQ,EQ,sell,false,1.000000,293.150000,400512813,1200000005159478,2025-10-01T09:26:22
PNCINFRA,INE195J01029,2025-10-01,NSE,EQ,EQ,sell,false,6.000000,293.100000,400512814,1200000005159478,2025-10-01T09:26:22
PNCINFRA,INE195J01029,2025-10-01,NSE,EQ,EQ,sell,false,23.000000,293.100000,400512815,1200000005159478,2025-10-01T09:26:22
BMW,INE374E01021,2025-10-01,BSE,EQ,B,buy,false,100.000000,43.480000,977100,1759289400008006434,2025-10-01T09:29:59
PPLPHARMA,INE0DK501011,2025-10-01,NSE,EQ,EQ,sell,false,52.000000,194.760000,400658554,1200000006913925,2025-10-01T09:31:15
PARAGMILK,INE883N01014,2025-10-01,NSE,EQ,EQ,sell,false,37.000000,268.400000,401099879,1200000012329552,2025-10-01T09:47:45
PNBGILTS,INE859A01011,2025-10-01,NSE,EQ,EQ,sell,false,103.000000,100.600000,401904169,1200000022895048,2025-10-01T10:22:03
WIPRO,INE075A01022,2025-10-01,NSE,EQ,EQ,sell,false,20.000000,240.900000,606387616,1300000066951935,2025-10-01T14:22:25
KPL,INE552U01010,2025-10-03,BSE,EQ,B,buy,false,10.000000,917.600000,134600,1759462200157038062,2025-10-03T09:15:01
FINPIPE,INE183A01024,2025-10-03,NSE,EQ,EQ,buy,false,50.000000,200.100000,200188015,1100000000349188,2025-10-03T09:15:04
BMW,INE374E01021,2025-10-03,BSE,EQ,B,buy,false,222.000000,45.000000,204600,1759462200157033208,2025-10-03T09:15:51
PERSISTENT,INE262H01021,2025-10-03,NSE,EQ,EQ,buy,false,2.000000,4990.300000,400163218,1200000001016158,2025-10-03T09:16:19
ACMESOLAR,INE622W01025,2025-10-03,BSE,EQ,B,sell,false,1.000000,286.200000,633000,1759462200114272861,2025-10-03T09:17:57
ACMESOLAR,INE622W01025,2025-10-03,BSE,EQ,B,sell,false,34.000000,286.150000,633200,1759462200114272861,2025-10-03T09:17:57
LEHAR-X,INE976H01018,2025-10-03,BSE,EQ,X,buy,false,37.000000,244.850000,655000,1759462200023049074,2025-10-03T09:23:09
ZAGGLE,INE07K301024,2025-10-03,NSE,EQ,EQ,buy,false,1.000000,345.800000,601547605,1300000011828678,2025-10-03T09:44:14
ZAGGLE,INE07K301024,2025-10-03,NSE,EQ,EQ,buy,false,1.000000,345.800000,601547606,1300000011828678,2025-10-03T09:44:14
ZAGGLE,INE07K301024,2025-10-03,NSE,EQ,EQ,buy,false,1.000000,345.800000,601547608,1300000011828678,2025-10-03T09:44:14
ZAGGLE,INE07K301024,2025-10-03,NSE,EQ,EQ,buy,false,1.000000,345.800000,601547610,1300000011828678,2025-10-03T09:44:14
ZAGGLE,INE07K301024,2025-10-03,NSE,EQ,EQ,buy,false,1.000000,345.800000,601547612,1300000011828678,2025-10-03T09:44:14
ZAGGLE,INE07K301024,2025-10-03,NSE,EQ,EQ,buy,false,2.000000,345.800000,601547607,1300000011828678,2025-10-03T09:44:14
ZAGGLE,INE07K301024,2025-10-03,NSE,EQ,EQ,buy,false,2.000000,345.800000,601547609,1300000011828678,2025-10-03T09:44:14
ZAGGLE,INE07K301024,2025-10-03,NSE,EQ,EQ,buy,false,2.000000,345.800000,601547611,1300000011828678,2025-10-03T09:44:14
ZAGGLE,INE07K301024,2025-10-03,NSE,EQ,EQ,buy,false,5.000000,345.800000,601547613,1300000011828678,2025-10-03T09:44:14
INFY,INE009A01021,2025-10-03,NSE,EQ,EQ,buy,false,1.000000,1441.000000,201447697,1100000011913501,2025-10-03T09:45:41
BAJAJHFL,INE377Y01014,2025-10-03,BSE,EQ,A,buy,false,10.000000,111.600000,2539800,1759464181295389740,2025-10-03T09:46:48
WIPRO,INE075A01022,2025-10-03,NSE,EQ,EQ,buy,false,21.000000,240.430000,605790315,1300000054807635,2025-10-03T12:59:43
LEHAR-X,INE976H01018,2025-10-06,BSE,EQ,X,buy,false,3.000000,250.850000,2849400,1759721400001083068,2025-10-06T09:15:01
ZAGGLE,INE07K301024,2025-10-06,NSE,EQ,EQ,sell,false,10.000000,346.000000,600156582,1300000000800718,2025-10-06T09:15:32
AWFIS,INE108V01019,2025-10-06,BSE,EQ,B,sell,false,5.000000,589.800000,441300,1759721400008196868,2025-10-06T09:16:46
AWFIS,INE108V01019,2025-10-06,BSE,EQ,B,sell,false,7.000000,589.650000,441700,1759721400008196868,2025-10-06T09:16:46
AWFIS,INE108V01019,2025-10-06,BSE,EQ,B,sell,false,5.000000,589.700000,441500,1759721400008196868,2025-10-06T09:16:46
CAMPUS,INE278Y01022,2025-10-06,NSE,EQ,EQ,sell,false,37.000000,274.950000,285066,1000000002034425,2025-10-06T09:17:59
PERSISTENT,INE262H01021,2025-10-06,BSE,EQ,A,sell,false,1.000000,5145.150000,344300,1759721400013131744,2025-10-06T09:18:24
TCS,INE467B01029,2025-10-06,NSE,EQ,EQ,buy,false,1.000000,2920.000000,600406836,1300000002521543,2025-10-06T09:18:33
BODALCHEM,INE338D01028,2025-10-06,NSE,EQ,EQ,buy,false,59.000000,63.050000,378902,1000000002667287,2025-10-06T09:19:22
BODALCHEM,INE338D01028,2025-10-06,NSE,EQ,EQ,buy,false,1.000000,63.020000,352162,1000000002667287,2025-10-06T09:19:22
BODALCHEM,INE338D01028,2025-10-06,NSE,EQ,EQ,buy,false,39.000000,63.040000,352163,1000000002667287,2025-10-06T09:19:22
BODALCHEM,INE338D01028,2025-10-06,NSE,EQ,EQ,buy,false,41.000000,63.050000,352165,1000000002667287,2025-10-06T09:19:22
BODALCHEM,INE338D01028,2025-10-06,NSE,EQ,EQ,buy,false,19.000000,63.050000,352164,1000000002667287,2025-10-06T09:19:22
JINDALSAW,INE324A01032,2025-10-06,BSE,EQ,A,sell,false,10.000000,207.300000,1377400,1759721400013656900,2025-10-06T09:21:44
TORNTPOWER,INE813H01021,2025-10-06,NSE,EQ,EQ,buy,false,8.000000,1216.500000,600608135,1300000004186468,2025-10-06T09:22:07
AMJLAND,INE606A01024,2025-10-06,NSE,EQ,EQ,sell,false,35.000000,54.910000,563038,1000000004772487,2025-10-06T09:24:09
AMJLAND,INE606A01024,2025-10-06,NSE,EQ,EQ,sell,false,33.000000,54.800000,563039,1000000004772487,2025-10-06T09:24:09
AMJLAND,INE606A01024,2025-10-06,NSE,EQ,EQ,sell,false,26.000000,54.750000,563040,1000000004772487,2025-10-06T09:24:09
AMJLAND,INE606A01024,2025-10-06,NSE,EQ,EQ,sell,false,17.000000,54.610000,563042,1000000004772487,2025-10-06T09:24:09
AMJLAND,INE606A01024,2025-10-06,NSE,EQ,EQ,sell,false,74.000000,54.710000,563041,1000000004772487,2025-10-06T09:24:09
KPL,INE552U01010,2025-10-06,BSE,EQ,B,buy,false,1.000000,910.000000,757900,1759721400010033107,2025-10-06T09:25:21
INFY,INE009A01021,2025-10-06,NSE,EQ,EQ,buy,false,1.000000,1449.400000,200932661,1100000007455472,2025-10-06T09:29:10
HCLTECH,INE860A01027,2025-10-06,NSE,EQ,EQ,buy,false,8.000000,1408.200000,201519980,1100000013250163,2025-10-06T09:45:18
LEHAR-X,INE976H01018,2025-10-06,BSE,EQ,X,sell,false,15.000000,255.050000,5394500,1759721400001083557,2025-10-06T12:34:49
KPL,INE552U01010,2025-10-06,BSE,EQ,B,sell,false,5.000000,920.050000,6900300,1759721400010033605,2025-10-06T13:17:46
WIPRO,INE075A01022,2025-10-06,BSE,EQ,A,sell,false,20.000000,241.400000,10532900,1759739301315798273,2025-10-06T14:40:49
PERSISTENT,INE262H01021,2025-10-07,BSE,EQ,A,sell,false,3.000000,5211.900000,394300,1759807800023277299,2025-10-07T09:21:20
MGL,INE002S01010,2025-10-07,NSE,EQ,EQ,sell,false,2.000000,1325.800000,400577762,1200000005141713,2025-10-07T09:24:53
JINDALSAW,INE324A01032,2025-10-07,BSE,EQ,A,buy,false,10.000000,202.950000,2437600,1759810038298507310,2025-10-07T09:55:15
EPIGRAL,INE071N01016,2025-10-07,BSE,EQ,A,buy,false,1.000000,1730.200000,1606000,1759810474596157267,2025-10-07T09:56:42
ZAGGLE,INE07K301024,2025-10-07,NSE,EQ,EQ,buy,false,10.000000,351.000000,603072267,1300000025344674,2025-10-07T10:53:52
AMJLAND,INE606A01024,2025-10-07,NSE,EQ,EQ,buy,false,185.000000,54.000000,4055154,1000000044719330,2025-10-07T12:55:28
LODHA,INE670K01029,2025-10-07,BSE,EQ,A,buy,false,5.000000,1126.800000,7423300,1759819195469847119,2025-10-07T13:03:30
KPL,INE552U01010,2025-10-08,BSE,EQ,B,buy,false,5.000000,892.400000,140400,1759894200091020132,2025-10-08T09:16:13
JMFINANCIL,INE780C01023,2025-10-08,NSE,EQ,EQ,sell,false,24.000000,175.900000,200355829,1100000002481296,2025-10-08T09:18:07
JMFINANCIL,INE780C01023,2025-10-08,NSE,EQ,EQ,sell,false,35.000000,175.920000,200355828,1100000002481296,2025-10-08T09:18:07
LEHAR-X,INE976H01018,2025-10-08,BSE,EQ,X,buy,false,15.000000,250.000000,1223800,1759894200002034116,2025-10-08T09:34:15
MGL,INE002S01010,2025-10-08,NSE,EQ,EQ,sell,false,2.000000,1300.000000,402017736,1200000022532938,2025-10-08T10:31:37
FINPIPE,INE183A01024,2025-10-08,NSE,EQ,EQ,buy,false,51.000000,194.850000,203686885,1100000034072487,2025-10-08T11:06:11
NTPC,INE733E01010,2025-10-09,NSE,EQ,EQ,buy,false,30.000000,332.000000,400114473,1200000000701877,2025-10-09T09:15:46
KPL,INE552U01010,2025-10-09,BSE,EQ,B,sell,false,6.000000,905.150000,139400,1759980600039018094,2025-10-09T09:16:51
BODALCHEM,INE338D01028,2025-10-09,NSE,EQ,EQ,sell,false,20.000000,61.500000,535033,1000000004356949,2025-10-09T09:24:41
STERTOOLS,INE334A01023,2025-10-09,NSE,EQ,EQ,buy,false,30.000000,310.900000,601373108,1300000010925942,2025-10-09T09:39:55
STERTOOLS,INE334A01023,2025-10-09,NSE,EQ,EQ,buy,false,3.000000,311.000000,601373109,1300000010925942,2025-10-09T09:39:55
VBL,INE200M01039,2025-10-09,NSE,EQ,EQ,buy,false,22.000000,439.950000,605792170,1300000052807725,2025-10-09T13:27:28
INFY,INE009A01021,2025-10-09,NSE,EQ,EQ,sell,false,3.000000,1500.700000,206599438,1100000002657626,2025-10-09T13:48:50
FINPIPE,INE183A01024,2025-10-09,NSE,EQ,EQ,sell,false,25.000000,194.750000,206607601,1100000063922215,2025-10-09T13:49:18
TCS,INE467B01029,2025-10-10,BSE,EQ,A,sell,false,4.000000,3020.000000,301500,1760067000250294235,2025-10-10T09:16:22
BODALCHEM,INE338D01028,2025-10-10,NSE,EQ,EQ,buy,false,21.000000,61.300000,202712,1000000001731034,2025-10-10T09:18:01
SONACOMS,INE073K01018,2025-10-10,BSE,EQ,A,sell,false,27.000000,433.700000,1208800,1760067000248807910,2025-10-10T09:20:45
STERTOOLS,INE334A01023,2025-10-10,NSE,EQ,EQ,sell,false,3.000000,310.500000,600579170,1300000004052834,2025-10-10T09:21:14
STERTOOLS,INE334A01023,2025-10-10,NSE,EQ,EQ,sell,false,12.000000,310.450000,600579171,1300000004052834,2025-10-10T09:21:14
KPL,INE552U01010,2025-10-10,BSE,EQ,B,buy,false,2.000000,889.900000,384100,1760067000081021137,2025-10-10T09:22:31
FINPIPE,INE183A01024,2025-10-10,NSE,EQ,EQ,buy,false,21.000000,194.980000,200679067,1100000005477055,2025-10-10T09:24:37
FINPIPE,INE183A01024,2025-10-10,NSE,EQ,EQ,buy,false,4.000000,194.980000,200679066,1100000005477055,2025-10-10T09:24:37
HCLTECH,INE860A01027,2025-10-10,NSE,EQ,EQ,sell,false,14.000000,1482.000000,200985171,1100000007254310,2025-10-10T09:29:05
BMW,INE374E01021,2025-10-10,BSE,EQ,B,buy,false,132.000000,43.610000,702800,1760067000081025532,2025-10-10T09:31:10
POLYPLEX,INE633B01018,2025-10-10,BSE,EQ,B,buy,false,5.000000,1009.200000,3510500,1760069511320255513,2025-10-10T09:59:01
KPL,INE552U01010,2025-10-10,BSE,EQ,B,buy,false,6.000000,894.700000,2369400,1760067000081021300,2025-10-10T10:24:47
ZAGGLE,INE07K301024,2025-10-10,NSE,EQ,EQ,sell,false,15.000000,351.150000,606533224,1300000053200995,2025-10-10T13:11:40
LODHA,INE670K01029,2025-10-10,NSE,EQ,EQ,sell,false,5.000000,1160.000000,405821923,1200000054791765,2025-10-10T13:54:28
TATATECH,INE142M01025,2025-10-13,BSE,EQ,A,sell,false,7.000000,707.000000,1896200,1760326200151646873,2025-10-13T09:30:19
TATATECH,INE142M01025,2025-10-13,BSE,EQ,A,sell,false,3.000000,707.000000,1967700,1760326200151646873,2025-10-13T09:30:19
LUXIND,INE150G01020,2025-10-13,NSE,EQ,EQ,buy,false,4.000000,1306.200000,400958748,1200000008523892,2025-10-13T09:35:28
DEEDEV,INE841L01016,2025-10-13,NSE,EQ,EQ,sell,false,36.000000,280.350000,201330838,1100000010929145,2025-10-13T09:39:39
INFY,INE009A01021,2025-10-13,BSE,EQ,A,sell,false,3.000000,1487.200000,5085300,1760333629796096090,2025-10-13T11:09:19
INFY,INE009A01021,2025-10-13,BSE,EQ,A,sell,false,5.000000,1487.150000,5085500,1760333629796096090,2025-10-13T11:09:19
YUKEN,INE384C01016,2025-10-13,NSE,EQ,EQ,buy,false,6.000000,944.600000,605719069,1300000050935175,2025-10-13T13:14:13
YUKEN,INE384C01016,2025-10-13,NSE,EQ,EQ,buy,false,4.000000,944.600000,605719067,1300000050935175,2025-10-13T13:14:13
TORNTPOWER,INE813H01021,2025-10-14,BSE,EQ,A,sell,false,8.000000,1280.850000,285600,1760412600020060310,2025-10-14T09:15:27
LODHA,INE670K01029,2025-10-14,BSE,EQ,A,sell,false,5.000000,1165.150000,131400,1760412600023053381,2025-10-14T09:15:48
BMW,INE374E01021,2025-10-14,BSE,EQ,B,sell,false,10.000000,44.310000,119800,1760412600016011197,2025-10-14T09:16:21
BMW,INE374E01021,2025-10-14,BSE,EQ,B,sell,false,5.000000,44.010000,120000,1760412600016011197,2025-10-14T09:16:21
BMW,INE374E01021,2025-10-14,BSE,EQ,B,sell,false,85.000000,44.000000,120200,1760412600016011197,2025-10-14T09:16:21
FINPIPE,INE183A01024,2025-10-14,BSE,EQ,A,sell,false,1.000000,192.650000,1103900,1760412600018677995,2025-10-14T09:33:36
FINPIPE,INE183A01024,2025-10-14,BSE,EQ,A,sell,false,19.000000,192.600000,1104200,1760412600018677995,2025-10-14T09:33:36
ZAGGLE,INE07K301024,2025-10-14,NSE,EQ,EQ,buy,false,15.000000,345.000000,603696412,1300000028695956,2025-10-14T10:59:37
PARAGMILK,INE883N01014,2025-10-14,NSE,EQ,EQ,buy,false,37.000000,265.000000,403058453,1200000027720076,2025-10-14T11:04:40
PNBGILTS,INE859A01011,2025-10-14,NSE,EQ,EQ,buy,false,104.000000,96.000000,403802693,1200000029701332,2025-10-14T11:15:49
BDL,INE171Z01026,2025-10-14,NSE,EQ,EQ,buy,false,2.000000,1495.000000,2603468,1000000028978196,2025-10-14T11:20:13
BDL,INE171Z01026,2025-10-14,NSE,EQ,EQ,buy,false,4.000000,1495.000000,2602115,1000000028978196,2025-10-14T11:20:13
JINDALSAW,INE324A01032,2025-10-14,BSE,EQ,A,buy,false,10.000000,200.000000,7454500,1760420039586724549,2025-10-14T11:41:30
AWFIS,INE108V01019,2025-10-14,NSE,EQ,EQ,buy,false,2.000000,565.000000,3234878,1000000036673109,2025-10-14T12:07:34
AWFIS,INE108V01019,2025-10-14,NSE,EQ,EQ,buy,false,15.000000,565.000000,3350613,1000000036673109,2025-10-14T12:07:34
ZAGGLE,INE07K301024,2025-10-15,NSE,EQ,EQ,sell,false,7.000000,354.350000,601420566,1300000011085057,2025-10-15T09:40:31
ZAGGLE,INE07K301024,2025-10-15,NSE,EQ,EQ,sell,false,8.000000,354.350000,601420565,1300000011085057,2025-10-15T09:40:31
LEHAR-X,INE976H01018,2025-10-15,BSE,EQ,X,buy,false,1.000000,245.950000,1593700,1760499000007059095,2025-10-15T09:47:37
BMW,INE374E01021,2025-10-15,BSE,EQ,B,buy,false,112.000000,42.700000,4885800,1760499000002146626,2025-10-15T13:01:44
VBL,INE200M01039,2025-10-15,NSE,EQ,EQ,sell,false,10.000000,444.550000,606513504,1300000057195334,2025-10-15T13:41:05
ELECTCAST,INE086A01029,2025-10-15,BSE,EQ,A,buy,false,20.000000,95.250000,7330800,1760518265620629106,2025-10-15T15:05:39
DEEDEV,INE841L01016,2025-10-15,NSE,EQ,EQ,buy,false,36.000000,272.000000,208859151,1100000078094749,2025-10-15T15:26:53
FINPIPE,INE183A01024,2025-10-16,NSE,EQ,EQ,buy,false,13.000000,193.560000,200513336,1100000004064579,2025-10-16T09:21:49
FINPIPE,INE183A01024,2025-10-16,NSE,EQ,EQ,buy,false,8.000000,193.500000,200513335,1100000004064579,2025-10-16T09:21:49
YUKEN,INE384C01016,2025-10-16,NSE,EQ,EQ,buy,false,11.000000,924.900000,601035862,1300000007285771,2025-10-16T09:29:37
PNCINFRA,INE195J01029,2025-10-16,NSE,EQ,EQ,buy,false,10.000000,286.500000,400935478,1200000008774012,2025-10-16T09:35:22
PNCINFRA,INE195J01029,2025-10-16,NSE,EQ,EQ,buy,false,5.000000,286.450000,400935477,1200000008774012,2025-10-16T09:35:22
PNCINFRA,INE195J01029,2025-10-16,NSE,EQ,EQ,buy,false,1.000000,286.500000,400935480,1200000008774012,2025-10-16T09:35:22
PNCINFRA,INE195J01029,2025-10-16,NSE,EQ,EQ,buy,false,1.000000,286.500000,400935479,1200000008774012,2025-10-16T09:35:22
POLYPLEX,INE633B01018,2025-10-16,NSE,EQ,EQ,buy,false,3.000000,981.300000,401265540,1200000012273286,2025-10-16T09:48:04
POLYPLEX,INE633B01018,2025-10-16,NSE,EQ,EQ,buy,false,2.000000,981.300000,401265539,1200000012273286,2025-10-16T09:48:04
PARAGMILK,INE883N01014,2025-10-16,NSE,EQ,EQ,sell,false,36.000000,278.150000,401387935,1200000013564935,2025-10-16T09:53:51
PARAGMILK,INE883N01014,2025-10-16,NSE,EQ,EQ,sell,false,1.000000,278.150000,401387934,1200000013564935,2025-10-16T09:53:51
DBEIL,INE0OPA01019,2025-10-16,NSE,EQ,EQ,buy,false,23.000000,162.310000,203051131,1100000027232544,2025-10-16T10:55:42
DBEIL,INE0OPA01019,2025-10-16,NSE,EQ,EQ,buy,false,38.000000,162.320000,203051132,1100000027232544,2025-10-16T10:55:42
WIPRO,INE075A01022,2025-10-16,NSE,EQ,EQ,sell,false,18.000000,253.890000,608080599,1300000066266142,2025-10-16T14:39:24
WIPRO,INE075A01022,2025-10-16,NSE,EQ,EQ,sell,false,39.000000,253.890000,608080600,1300000066266142,2025-10-16T14:39:24
WIPRO,INE075A01022,2025-10-16,NSE,EQ,EQ,sell,false,5.000000,253.890000,608080598,1300000066266142,2025-10-16T14:39:24
INFY,INE009A01021,2025-10-17,NSE,EQ,EQ,buy,false,8.000000,1450.000000,200039496,1100000000318397,2025-10-17T09:15:01
ITC,INE154A01025,2025-10-17,BSE,EQ,A,buy,false,24.000000,405.750000,150500,1760671800041027965,2025-10-17T09:15:06
VBL,INE200M01039,2025-10-17,BSE,EQ,A,sell,false,6.000000,459.400000,606300,1760671800055171517,2025-10-17T09:19:38
VBL,INE200M01039,2025-10-17,BSE,EQ,A,sell,false,27.000000,459.450000,606100,1760671800055171517,2025-10-17T09:19:38
FINPIPE,INE183A01024,2025-10-17,BSE,EQ,A,sell,false,1.000000,192.600000,530900,1760671800021428220,2025-10-17T09:20:22
FINPIPE,INE183A01024,2025-10-17,BSE,EQ,A,sell,false,19.000000,192.500000,531200,1760671800021428220,2025-10-17T09:20:22
JINDALSAW,INE324A01032,2025-10-17,BSE,EQ,A,buy,false,1.000000,201.700000,483700,1760671800055179188,2025-10-17T09:20:52
JINDALSAW,INE324A01032,2025-10-17,BSE,EQ,A,buy,false,9.000000,201.800000,483900,1760671800055179188,2025-10-17T09:20:52
JINDALSAW,INE324A01032,2025-10-17,NSE,EQ,EQ,buy,false,6.000000,200.500000,204149366,1100000021179505,2025-10-17T10:20:29
DBEIL,INE0OPA01019,2025-10-17,NSE,EQ,EQ,buy,false,21.000000,154.890000,204134445,1100000039121821,2025-10-17T11:49:58
DBEIL,INE0OPA01019,2025-10-17,NSE,EQ,EQ,buy,false,8.000000,154.890000,204134446,1100000039121821,2025-10-17T11:49:58
DBEIL,INE0OPA01019,2025-10-17,NSE,EQ,EQ,buy,false,21.000000,154.890000,204134443,1100000039121821,2025-10-17T11:49:58
DBEIL,INE0OPA01019,2025-10-17,NSE,EQ,EQ,buy,false,15.000000,154.890000,204134444,1100000039121821,2025-10-17T11:49:58
WIPRO,INE075A01022,2025-10-17,NSE,EQ,EQ,buy,false,20.000000,240.000000,605712270,1300000051957942,2025-10-17T12:56:53
SKIPPER,INE439E01022,2025-10-20,NSE,EQ,EQ,buy,false,19.000000,508.700000,600588850,1300000003489823,2025-10-20T09:19:50
ZAGGLE,INE07K301024,2025-10-20,NSE,EQ,EQ,buy,false,16.000000,345.000000,602628566,1300000018728074,2025-10-20T10:02:42
PNBGILTS,INE859A01011,2025-10-21,NSE,EQ,EQ,buy,false,107.000000,92.980000,400072425,1200000000421103,2025-10-21T13:45:30
JINDALSAW,INE324A01032,2025-10-21,NSE,EQ,EQ,buy,false,20.000000,190.000000,201199423,1100000005156021,2025-10-21T14:04:42
BODALCHEM,INE338D01028,2025-10-21,NSE,EQ,EQ,sell,false,40.000000,60.700000,961007,1000000004674054,2025-10-21T14:08:42
LEHAR-X,INE976H01018,2025-10-23,BSE,EQ,X,buy,false,42.000000,240.000000,522500,1761190200023099063,2025-10-23T09:16:26
AWFIS,INE108V01019,2025-10-23,NSE,EQ,EQ,sell,false,17.000000,612.000000,270910,1000000001743930,2025-10-23T09:17:34
BODALCHEM,INE338D01028,2025-10-23,NSE,EQ,EQ,buy,false,43.000000,61.470000,1021726,1000000008673678,2025-10-23T09:35:53
INFY,INE009A01021,2025-10-23,NSE,EQ,EQ,sell,false,8.000000,1523.500000,201631745,1100000012005293,2025-10-23T09:39:47
DBEIL,INE0OPA01019,2025-10-23,NSE,EQ,EQ,sell,false,15.000000,155.750000,201690582,1100000012471946,2025-10-23T09:41:12
DBEIL,INE0OPA01019,2025-10-23,NSE,EQ,EQ,sell,false,10.000000,155.800000,201690581,1100000012471946,2025-10-23T09:41:12
LEHAR-X,INE976H01018,2025-10-23,BSE,EQ,X,sell,false,14.000000,245.050000,5886900,1761190200023099295,2025-10-23T13:26:51
LEHAR-X,INE976H01018,2025-10-23,BSE,EQ,X,sell,false,6.000000,245.500000,5886600,1761190200023099295,2025-10-23T13:26:51
INOXWIND,INE066P01011,2025-10-23,BSE,EQ,A,sell,false,20.000000,153.750000,5615900,1761203447770647808,2025-10-23T13:27:19
KPL,INE552U01010,2025-10-23,BSE,EQ,B,sell,false,6.000000,906.100000,5683600,1761190200023044541,2025-10-23T13:28:02
PFC,INE134E01011,2025-10-23,NSE,EQ,EQ,buy,false,25.000000,396.000000,406610941,1200000072256558,2025-10-23T15:08:53
LEHAR-X,INE976H01018,2025-10-27,BSE,EQ,X,buy,false,20.000000,240.000000,422300,1761535800001037051,2025-10-27T09:15:06
ZAGGLE,INE07K301024,2025-10-27,NSE,EQ,EQ,sell,false,40.000000,364.100000,600208618,1300000001175721,2025-10-27T09:16:10
BDL,INE171Z01026,2025-10-27,NSE,EQ,EQ,sell,false,6.000000,1538.400000,292422,1000000002203837,2025-10-27T09:18:48
KPL,INE552U01010,2025-10-27,BSE,EQ,B,buy,false,1.000000,910.000000,731200,1761535800013031082,2025-10-27T09:19:40
KPL,INE552U01010,2025-10-27,BSE,EQ,B,buy,false,1.000000,910.000000,647100,1761535800013031082,2025-10-27T09:19:40
KPL,INE552U01010,2025-10-27,BSE,EQ,B,buy,false,3.000000,910.000000,1001900,1761535800013031082,2025-10-27T09:19:40
CAPITALSFB,INE646H01017,2025-10-27,NSE,EQ,EQ,sell,false,26.000000,284.100000,378713,1000000003013519,2025-10-27T09:20:50
CAPITALSFB,INE646H01017,2025-10-27,NSE,EQ,EQ,sell,false,3.000000,284.000000,378715,1000000003013519,2025-10-27T09:20:50
CAPITALSFB,INE646H01017,2025-10-27,NSE,EQ,EQ,sell,false,6.000000,284.050000,378714,1000000003013519,2025-10-27T09:20:50
YUKEN,INE384C01016,2025-10-27,NSE,EQ,EQ,sell,false,1.000000,930.100000,600763094,1300000005767489,2025-10-27T09:26:22
YUKEN,INE384C01016,2025-10-27,NSE,EQ,EQ,sell,false,4.000000,930.000000,600763095,1300000005767489,2025-10-27T09:26:22
DBEIL,INE0OPA01019,2025-10-27,NSE,EQ,EQ,buy,false,26.000000,155.000000,201371827,1100000007794537,2025-10-27T09:30:02
VBL,INE200M01039,2025-10-28,NSE,EQ,EQ,buy,false,43.000000,461.000000,600056130,1300000000404604,2025-10-28T09:15:08
KPL,INE552U01010,2025-10-28,BSE,EQ,B,sell,false,3.000000,891.050000,200500,1761622200034012120,2025-10-28T09:17:41
KPL,INE552U01010,2025-10-28,BSE,EQ,B,sell,false,2.000000,891.000000,200700,1761622200034012120,2025-10-28T09:17:41
ITC,INE154A01025,2025-10-28,NSE,EQ,EQ,sell,false,24.000000,421.200000,200602427,1100000004567203,2025-10-28T09:21:59
WIPRO,INE075A01022,2025-10-28,NSE,EQ,EQ,sell,false,20.000000,243.360000,600502558,1300000003954779,2025-10-28T09:22:30
DBEIL,INE0OPA01019,2025-10-28,NSE,EQ,EQ,sell,false,4.000000,157.840000,200703402,1100000005421757,2025-10-28T09:23:59
DBEIL,INE0OPA01019,2025-10-28,NSE,EQ,EQ,sell,false,10.000000,158.000000,200703400,1100000005421757,2025-10-28T09:23:59
DBEIL,INE0OPA01019,2025-10-28,NSE,EQ,EQ,sell,false,16.000000,157.850000,200703401,1100000005421757,2025-10-28T09:23:59
PNBGILTS,INE859A01011,2025-10-28,NSE,EQ,EQ,sell,false,50.000000,93.000000,400791034,1200000007685736,2025-10-28T09:32:19
WIPRO,INE075A01022,2025-10-28,NSE,EQ,EQ,buy,false,21.000000,242.800000,601632112,1300000013466331,2025-10-28T09:53:03
YUKEN,INE384C01016,2025-10-28,NSE,EQ,EQ,buy,false,5.000000,925.000000,607156165,1300000060798696,2025-10-28T14:16:12
EPIGRAL,INE071N01016,2025-10-28,BSE,EQ,A,buy,false,1.000000,1697.700000,7374200,1761639384400848959,2025-10-28T14:23:56
JMFINANCIL,INE780C01023,2025-10-29,NSE,EQ,EQ,buy,false,59.000000,168.000000,201247984,1100000010669710,2025-10-29T09:38:36
CAPITALSFB,INE646H01017,2025-10-29,NSE,EQ,EQ,buy,false,2.000000,281.150000,2819868,1000000029141265,2025-10-29T11:24:43
CAPITALSFB,INE646H01017,2025-10-29,NSE,EQ,EQ,buy,false,18.000000,281.300000,2819870,1000000029141265,2025-10-29T11:24:43
CAPITALSFB,INE646H01017,2025-10-29,NSE,EQ,EQ,buy,false,2.000000,281.000000,2819865,1000000029141265,2025-10-29T11:24:43
CAPITALSFB,INE646H01017,2025-10-29,NSE,EQ,EQ,buy,false,2.000000,281.050000,2819866,1000000029141265,2025-10-29T11:24:43
CAPITALSFB,INE646H01017,2025-10-29,NSE,EQ,EQ,buy,false,2.000000,281.100000,2819867,1000000029141265,2025-10-29T11:24:43
CAPITALSFB,INE646H01017,2025-10-29,NSE,EQ,EQ,buy,false,2.000000,281.200000,2819869,1000000029141265,2025-10-29T11:24:43
CAPITALSFB,INE646H01017,2025-10-29,NSE,EQ,EQ,buy,false,7.000000,281.350000,2819871,1000000029141265,2025-10-29T11:24:43
INOXWIND,INE066P01011,2025-10-29,BSE,EQ,A,sell,false,30.000000,156.050000,3290900,1761716494947346915,2025-10-29T11:27:30
NTPC,INE733E01010,2025-10-29,NSE,EQ,EQ,sell,false,30.000000,346.900000,402825126,1200000035894820,2025-10-29T11:28:16
WIPRO,INE075A01022,2025-10-29,BSE,EQ,A,sell,false,21.000000,242.350000,6518200,1761714858518843347,2025-10-29T11:29:31
EPIGRAL,INE071N01016,2025-10-29,NSE,EQ,EQ,buy,false,1.000000,1709.900000,203916493,1100000038510169,2025-10-29T11:31:15
VBL,INE200M01039,2025-10-29,NSE,EQ,EQ,sell,false,20.000000,461.000000,604152030,1300000037473815,2025-10-29T11:55:55
BODALCHEM,INE338D01028,2025-10-29,NSE,EQ,EQ,sell,false,70.000000,62.450000,3679029,1000000037664427,2025-10-29T12:13:37
VBL,INE200M01039,2025-10-29,NSE,EQ,EQ,sell,false,10.000000,493.600000,605550477,1300000049770266,2025-10-29T13:10:04
VBL,INE200M01039,2025-10-29,NSE,EQ,EQ,sell,false,13.000000,493.500000,605550478,1300000049770266,2025-10-29T13:10:04
FIVESTAR,INE128S01021,2025-10-29,NSE,EQ,EQ,sell,false,15.000000,579.250000,206831370,1100000064673929,2025-10-29T13:57:12
BMW,INE374E01021,2025-10-29,BSE,EQ,B,sell,false,100.000000,44.170000,5772300,1761708600005158820,2025-10-29T13:58:37
LXCHEM,INE576O01020,2025-10-30,NSE,EQ,EQ,buy,false,51.000000,194.780000,400038478,1200000000321442,2025-10-30T09:15:06
YUKEN,INE384C01016,2025-10-30,NSE,EQ,EQ,sell,false,5.000000,921.050000,600116637,1300000000715157,2025-10-30T09:15:34
LEHAR-X,INE976H01018,2025-10-30,BSE,EQ,X,sell,false,20.000000,237.500000,308300,1761795000002046090,2025-10-30T09:18:16
ZAGGLE,INE07K301024,2025-10-30,NSE,EQ,EQ,sell,false,46.000000,364.350000,600412994,1300000002787605,2025-10-30T09:19:40
DEEDEV,INE841L01016,2025-10-30,NSE,EQ,EQ,buy,false,38.000000,255.000000,200583134,1100000004568260,2025-10-30T09:22:24
EPIGRAL,INE071N01016,2025-10-30,BSE,EQ,A,buy,false,1.000000,1709.550000,1874500,1761796639294118674,2025-10-30T09:32:48
PNCINFRA,INE195J01029,2025-10-30,NSE,EQ,EQ,buy,false,34.000000,286.100000,400775484,1200000007805329,2025-10-30T09:36:02
FIVESTAR,INE128S01021,2025-10-30,NSE,EQ,EQ,sell,false,45.000000,625.000000,205795767,1100000049352321,2025-10-30T13:05:58
DEEDEV,INE841L01016,2025-10-31,NSE,EQ,EQ,sell,false,15.000000,259.500000,203042184,1100000029062565,2025-10-31T11:01:28
VBL,INE200M01039,2025-11-03,NSE,EQ,EQ,buy,false,21.000000,471.200000,600082433,1300000000430751,2025-11-03T09:15:07
DBEIL,INE0OPA01019,2025-11-03,NSE,EQ,EQ,buy,false,9.000000,150.530000,200359706,1100000002271447,2025-11-03T09:18:00
DBEIL,INE0OPA01019,2025-11-03,NSE,EQ,EQ,buy,false,5.000000,150.590000,200359708,1100000002271447,2025-11-03T09:18:00
DBEIL,INE0OPA01019,2025-11-03,NSE,EQ,EQ,buy,false,9.000000,150.540000,200359707,1100000002271447,2025-11-03T09:18:00
DBEIL,INE0OPA01019,2025-11-03,NSE,EQ,EQ,buy,false,9.000000,150.510000,200359705,1100000002271447,2025-11-03T09:18:00
IGPL,INE204A01010,2025-11-03,NSE,EQ,EQ,buy,false,10.000000,416.950000,200404399,1100000002646621,2025-11-03T09:18:45
YUKEN,INE384C01016,2025-11-03,NSE,EQ,EQ,sell,false,26.000000,980.000000,602900810,1300000021829322,2025-11-03T10:19:59
PNCINFRA,INE195J01029,2025-11-03,NSE,EQ,EQ,buy,false,1.000000,284.800000,402441311,1200000024256211,2025-11-03T10:39:34
STERTOOLS,INE334A01023,2025-11-03,NSE,EQ,EQ,sell,false,17.000000,312.800000,605536270,1300000046425229,2025-11-03T12:39:31
STERTOOLS,INE334A01023,2025-11-03,NSE,EQ,EQ,sell,false,19.000000,312.850000,605536269,1300000046425229,2025-11-03T12:39:31
STERTOOLS,INE334A01023,2025-11-03,NSE,EQ,EQ,sell,false,2.000000,313.000000,605536267,1300000046425229,2025-11-03T12:39:31
STERTOOLS,INE334A01023,2025-11-03,NSE,EQ,EQ,sell,false,3.000000,312.750000,605536271,1300000046425229,2025-11-03T12:39:31
STERTOOLS,INE334A01023,2025-11-03,NSE,EQ,EQ,sell,false,8.000000,312.850000,605536268,1300000046425229,2025-11-03T12:39:31
BMW,INE374E01021,2025-11-03,BSE,EQ,B,buy,false,110.000000,42.990000,4128700,1762140600000110594,2025-11-03T12:39:33
PNCINFRA,INE195J01029,2025-11-03,BSE,EQ,A,sell,false,20.000000,284.000000,7736300,1762152087356654553,2025-11-03T12:41:16
PNBGILTS,INE859A01011,2025-11-03,NSE,EQ,EQ,buy,false,53.000000,91.000000,405466688,1200000048654958,2025-11-03T12:51:53
ACMESOLAR,INE622W01025,2025-11-03,NSE,EQ,EQ,buy,false,36.000000,275.000000,4885183,1000000047413233,2025-11-03T13:57:39
MOSCHIP,INE935B01025,2025-11-03,NSE,EQ,EQ,buy,false,40.000000,247.300000,406424781,1200000065628212,2025-11-03T14:51:47
NTPC,INE733E01010,2025-11-04,NSE,EQ,EQ,buy,false,30.000000,333.000000,401173496,1200000010379358,2025-11-04T09:48:05
IGPL,INE204A01010,2025-11-04,NSE,EQ,EQ,buy,false,7.000000,408.450000,202529891,1100000019521728,2025-11-04T10:21:41
IGPL,INE204A01010,2025-11-04,NSE,EQ,EQ,buy,false,7.000000,408.450000,202529890,1100000019521728,2025-11-04T10:21:41
DEEDEV,INE841L01016,2025-11-04,NSE,EQ,EQ,buy,false,17.000000,263.000000,203384890,1100000029037775,2025-11-04T11:17:56
LODHA,INE670K01029,2025-11-04,NSE,EQ,EQ,sell,false,20.000000,1230.000000,402703067,1200000027637712,2025-11-04T11:24:40
BDL,INE171Z01026,2025-11-04,NSE,EQ,EQ,buy,false,6.000000,1495.000000,4202778,1000000033857572,2025-11-04T12:31:03
DBEIL,INE0OPA01019,2025-11-04,NSE,EQ,EQ,buy,false,4.000000,150.590000,208427145,1100000066106496,2025-11-04T15:19:48
DBEIL,INE0OPA01019,2025-11-04,NSE,EQ,EQ,buy,false,20.000000,151.000000,208427147,1100000066106496,2025-11-04T15:19:48
DBEIL,INE0OPA01019,2025-11-04,NSE,EQ,EQ,buy,false,2.000000,150.580000,208427144,1100000066106496,2025-11-04T15:19:48
DBEIL,INE0OPA01019,2025-11-04,NSE,EQ,EQ,buy,false,40.000000,150.920000,208427146,1100000066106496,2025-11-04T15:19:48
LEHAR-X,INE976H01018,2025-11-06,BSE,EQ,X,buy,false,12.000000,238.000000,486600,1762399800001072047,2025-11-06T09:15:01
LEHAR-X,INE976H01018,2025-11-06,BSE,EQ,X,buy,false,11.000000,238.000000,3528000,1762399800001072047,2025-11-06T09:15:01
BODALCHEM,INE338D01028,2025-11-06,NSE,EQ,EQ,buy,false,74.000000,61.450000,183997,1000000000516312,2025-11-06T09:15:19
ITDC,INE353K01014,2025-11-06,NSE,EQ,EQ,buy,false,8.000000,603.300000,200791069,1100000005535724,2025-11-06T09:24:03
ITDC,INE353K01014,2025-11-06,NSE,EQ,EQ,buy,false,7.000000,603.600000,200791070,1100000005535724,2025-11-06T09:24:03
ITDC,INE353K01014,2025-11-06,NSE,EQ,EQ,buy,false,1.000000,603.300000,200791068,1100000005535724,2025-11-06T09:24:03
STERTOOLS,INE334A01023,2025-11-06,NSE,EQ,EQ,buy,false,33.000000,300.000000,601520707,1300000011773843,2025-11-06T09:44:08
ZAGGLE,INE07K301024,2025-11-06,NSE,EQ,EQ,buy,false,11.000000,355.000000,602295772,1300000018487840,2025-11-06T10:10:58
VAIBHAVGBL,INE884A01027,2025-11-06,NSE,EQ,EQ,buy,false,37.000000,267.000000,603035790,1300000019487816,2025-11-06T10:15:03
LXCHEM,INE576O01020,2025-11-06,NSE,EQ,EQ,sell,false,5.000000,195.270000,403832663,1200000040176559,2025-11-06T12:11:34
LXCHEM,INE576O01020,2025-11-06,NSE,EQ,EQ,sell,false,2.000000,195.270000,403832664,1200000040176559,2025-11-06T12:11:34
LXCHEM,INE576O01020,2025-11-06,NSE,EQ,EQ,sell,false,36.000000,195.260000,403832667,1200000040176559,2025-11-06T12:11:34
LXCHEM,INE576O01020,2025-11-06,NSE,EQ,EQ,sell,false,2.000000,195.270000,403832666,1200000040176559,2025-11-06T12:11:34
LXCHEM,INE576O01020,2025-11-06,NSE,EQ,EQ,sell,false,2.000000,195.270000,403832662,1200000040176559,2025-11-06T12:11:34
LXCHEM,INE576O01020,2025-11-06,NSE,EQ,EQ,sell,false,4.000000,195.270000,403832665,1200000040176559,2025-11-06T12:11:34
SKIPPER,INE439E01022,2025-11-06,NSE,EQ,EQ,sell,false,10.000000,515.900000,604707517,1300000041079592,2025-11-06T12:11:43
SKIPPER,INE439E01022,2025-11-06,NSE,EQ,EQ,sell,false,9.000000,515.850000,604707518,1300000041079592,2025-11-06T12:11:43
YUKEN,INE384C01016,2025-11-06,NSE,EQ,EQ,buy,false,6.000000,925.000000,607947594,1300000069399198,2025-11-06T14:56:32
PNBGILTS,INE859A01011,2025-11-07,NSE,EQ,EQ,buy,false,110.000000,88.990000,400039988,1200000000269875,2025-11-07T09:15:06
PNBGILTS,INE859A01011,2025-11-07,NSE,EQ,EQ,buy,false,2.000000,89.000000,400039989,1200000000269875,2025-11-07T09:15:06
AADHARHFC,INE883F01010,2025-11-07,NSE,EQ,EQ,buy,false,5.000000,493.750000,84415,1000000000546405,2025-11-07T09:15:24
AADHARHFC,INE883F01010,2025-11-07,NSE,EQ,EQ,buy,false,11.000000,493.900000,84418,1000000000546405,2025-11-07T09:15:24
AADHARHFC,INE883F01010,2025-11-07,NSE,EQ,EQ,buy,false,2.000000,493.800000,84416,1000000000546405,2025-11-07T09:15:24
AADHARHFC,INE883F01010,2025-11-07,NSE,EQ,EQ,buy,false,2.000000,493.900000,84417,1000000000546405,2025-11-07T09:15:24
ACE,INE731H01025,2025-11-07,NSE,EQ,EQ,buy,false,9.000000,1040.000000,89495,1000000000565821,2025-11-07T09:15:26
YUKEN,INE384C01016,2025-11-07,NSE,EQ,EQ,buy,false,14.000000,925.300000,600235107,1300000001669327,2025-11-07T09:17:20
YUKEN,INE384C01016,2025-11-07,NSE,EQ,EQ,buy,false,12.000000,925.300000,600336802,1300000001669327,2025-11-07T09:17:20
MOSCHIP,INE935B01025,2025-11-07,NSE,EQ,EQ,buy,false,25.000000,233.300000,401624507,1200000016021004,2025-11-07T09:57:18
MOSCHIP,INE935B01025,2025-11-07,NSE,EQ,EQ,buy,false,60.000000,233.300000,401624508,1200000016021004,2025-11-07T09:57:18
FINPIPE,INE183A01024,2025-11-07,NSE,EQ,EQ,buy,false,22.000000,183.800000,202394299,1100000022700465,2025-11-07T10:22:18
ZAGGLE,INE07K301024,2025-11-07,NSE,EQ,EQ,buy,false,45.000000,355.000000,602249168,1300000022456904,2025-11-07T10:29:01
ZAGGLE,INE07K301024,2025-11-07,NSE,EQ,EQ,sell,false,11.000000,359.150000,603642549,1300000037521062,2025-11-07T11:46:27
ZAGGLE,INE07K301024,2025-11-07,NSE,EQ,EQ,sell,false,9.000000,359.150000,603649955,1300000037593694,2025-11-07T11:46:47
ZAGGLE,INE07K301024,2025-11-07,NSE,EQ,EQ,sell,false,2.000000,359.150000,603649954,1300000037593694,2025-11-07T11:46:47
ZAGGLE,INE07K301024,2025-11-07,NSE,EQ,EQ,sell,false,1.000000,358.500000,603672258,1300000037857582,2025-11-07T11:48:07
ZAGGLE,INE07K301024,2025-11-07,NSE,EQ,EQ,sell,false,21.000000,358.500000,603672260,1300000037857582,2025-11-07T11:48:07
ZAGGLE,INE07K301024,2025-11-07,NSE,EQ,EQ,sell,false,1.000000,358.500000,603672259,1300000037857582,2025-11-07T11:48:07
CAPITALSFB,INE646H01017,2025-11-07,NSE,EQ,EQ,buy,false,1.000000,272.000000,3946858,1000000040626539,2025-11-07T12:04:44
CAPITALSFB,INE646H01017,2025-11-07,NSE,EQ,EQ,buy,false,1.000000,272.000000,3915425,1000000040626539,2025-11-07T12:04:44
CAPITALSFB,INE646H01017,2025-11-07,NSE,EQ,EQ,buy,false,1.000000,272.000000,3919699,1000000040626539,2025-11-07T12:04:44
CAPITALSFB,INE646H01017,2025-11-07,NSE,EQ,EQ,buy,false,16.000000,272.000000,3874245,1000000040626539,2025-11-07T12:04:44
CAPITALSFB,INE646H01017,2025-11-07,NSE,EQ,EQ,buy,false,16.000000,272.000000,3874246,1000000040626539,2025-11-07T12:04:44
CAPITALSFB,INE646H01017,2025-11-07,NSE,EQ,EQ,buy,false,2.000000,272.000000,3874248,1000000040626539,2025-11-07T12:04:44
BDL,INE171Z01026,2025-11-10,NSE,EQ,EQ,buy,false,7.000000,1461.900000,230501,1000000001707634,2025-11-10T09:17:28
JINDALSAW,INE324A01032,2025-11-10,BSE,EQ,A,buy,false,20.000000,169.850000,677100,1762745400007350996,2025-11-10T09:18:46
ZAGGLE,INE07K301024,2025-11-10,NSE,EQ,EQ,sell,false,11.000000,363.000000,600586760,1300000003965359,2025-11-10T09:21:13
AMJLAND,INE606A01024,2025-11-10,NSE,EQ,EQ,sell,false,24.000000,53.810000,477934,1000000004151130,2025-11-10T09:23:08
AMJLAND,INE606A01024,2025-11-10,NSE,EQ,EQ,sell,false,1.000000,53.710000,477935,1000000004151130,2025-11-10T09:23:08
AMJLAND,INE606A01024,2025-11-10,NSE,EQ,EQ,sell,false,160.000000,53.820000,477933,1000000004151130,2025-11-10T09:23:08
COALINDIA,INE522F01014,2025-11-10,NSE,EQ,EQ,buy,false,25.000000,379.400000,728016,1000000006703925,2025-11-10T09:30:39
LEHAR-X,INE976H01018,2025-11-10,BSE,EQ,X,sell,false,30.000000,243.650000,1443300,1762745400001068177,2025-11-10T09:33:17
YUKEN,INE384C01016,2025-11-10,NSE,EQ,EQ,sell,false,7.000000,925.000000,601750231,1300000014677097,2025-11-10T09:52:04
TATATECH,INE142M01025,2025-11-10,BSE,EQ,A,buy,false,5.000000,680.000000,3214800,1762748810615733172,2025-11-10T10:21:52
VBL,INE200M01039,2025-11-10,BSE,EQ,A,sell,false,21.000000,466.650000,5287800,1762749331152797902,2025-11-10T10:44:04
ZENSARTECH,INE520A01027,2025-11-10,NSE,EQ,EQ,buy,false,13.000000,714.800000,603571240,1300000033547208,2025-11-10T11:14:48
LEHAR-X,INE976H01018,2025-11-10,BSE,EQ,X,sell,false,93.000000,278.200000,4861500,1762745400001300794,2025-11-10T11:33:28
INOXWIND,INE066P01011,2025-11-10,NSE,EQ,EQ,buy,false,25.000000,150.710000,206327138,1100000055455710,2025-11-10T13:38:26
INOXWIND,INE066P01011,2025-11-10,NSE,EQ,EQ,buy,false,22.000000,150.710000,206327139,1100000055455710,2025-11-10T13:38:26
SKIPPER,INE439E01022,2025-11-10,NSE,EQ,EQ,buy,false,39.000000,502.600000,606920000,1300000068496334,2025-11-10T14:26:19
AADHARHFC,INE883F01010,2025-11-10,NSE,EQ,EQ,buy,false,12.000000,499.950000,4974883,1000000051388325,2025-11-10T14:37:12
AADHARHFC,INE883F01010,2025-11-10,NSE,EQ,EQ,buy,false,8.000000,500.000000,4974884,1000000051388325,2025-11-10T14:37:12
KPL,INE552U01010,2025-11-10,BSE,EQ,B,buy,false,5.000000,850.000000,9200600,1762745400000033589,2025-11-10T14:41:13
COALINDIA,INE522F01014,2025-11-11,NSE,EQ,EQ,sell,false,25.000000,381.600000,160986,1000000001200129,2025-11-11T09:16:35
SKIPPER,INE439E01022,2025-11-11,NSE,EQ,EQ,sell,false,10.000000,501.100000,600260514,1300000001718685,2025-11-11T09:17:00
AADHARHFC,INE883F01010,2025-11-11,NSE,EQ,EQ,sell,false,10.000000,493.450000,229332,1000000001844797,2025-11-11T09:17:47
MGL,INE002S01010,2025-11-11,NSE,EQ,EQ,buy,false,2.000000,1234.000000,402363433,1200000024007660,2025-11-11T10:52:58
STERTOOLS,INE334A01023,2025-11-12,NSE,EQ,EQ,sell,false,33.000000,307.500000,600331845,1300000002458234,2025-11-12T09:18:34
MOSCHIP,INE935B01025,2025-11-12,BSE,EQ,A,sell,false,14.000000,228.400000,1053100,1762918200016530587,2025-11-12T09:22:32
MOSCHIP,INE935B01025,2025-11-12,BSE,EQ,A,sell,false,1.000000,228.500000,1052900,1762918200016530587,2025-11-12T09:22:32
PFC,INE134E01011,2025-11-12,NSE,EQ,EQ,buy,false,52.000000,379.900000,400625884,1200000005689474,2025-11-12T09:28:10
MOSCHIP,INE935B01025,2025-11-12,NSE,EQ,EQ,buy,false,1.000000,233.950000,400693495,1200000006346240,2025-11-12T09:30:09
KPL,INE552U01010,2025-11-12,BSE,EQ,B,sell,false,8.000000,901.200000,790000,1762918200007017898,2025-11-12T09:35:19
KPL,INE552U01010,2025-11-12,BSE,EQ,B,sell,false,2.000000,901.000000,790300,1762918200007017898,2025-11-12T09:35:19
AWFIS,INE108V01019,2025-11-12,NSE,EQ,EQ,buy,false,17.000000,565.000000,1956713,1000000017893502,2025-11-12T10:12:11
ITDC,INE353K01014,2025-11-12,NSE,EQ,EQ,buy,false,17.000000,592.000000,207831903,1100000017987244,2025-11-12T10:12:29
ZENSARTECH,INE520A01027,2025-11-13,BSE,EQ,A,sell,false,13.000000,740.600000,969800,1763004600291600190,2025-11-13T09:29:10
VAIBHAVGBL,INE884A01027,2025-11-13,NSE,EQ,EQ,sell,false,22.000000,270.050000,600833876,1300000006402128,2025-11-13T09:29:38
VAIBHAVGBL,INE884A01027,2025-11-13,NSE,EQ,EQ,sell,false,15.000000,270.150000,600833875,1300000006402128,2025-11-13T09:29:38
ITDC,INE353K01014,2025-11-13,BSE,EQ,B,sell,false,9.000000,592.650000,1333200,1763004600020539412,2025-11-13T09:30:40
ITDC,INE353K01014,2025-11-13,BSE,EQ,B,sell,false,1.000000,592.600000,1333400,1763004600020539412,2025-11-13T09:30:40
JMFINANCIL,INE780C01023,2025-11-13,NSE,EQ,EQ,sell,false,20.000000,162.320000,202354457,1100000018041999,2025-11-13T10:02:09
AADHARHFC,INE883F01010,2025-11-13,NSE,EQ,EQ,buy,false,1.000000,499.150000,1717715,1000000017144221,2025-11-13T10:17:43
AADHARHFC,INE883F01010,2025-11-13,NSE,EQ,EQ,buy,false,9.000000,499.350000,1717716,1000000017144221,2025-11-13T10:17:43
KPL,INE552U01010,2025-11-13,BSE,EQ,B,sell,false,15.000000,941.600000,5771300,1763004600033213858,2025-11-13T13:45:27
KPL,INE552U01010,2025-11-13,BSE,EQ,B,sell,false,8.000000,941.650000,5771100,1763004600033213858,2025-11-13T13:45:27
YUKEN,INE384C01016,2025-11-13,NSE,EQ,EQ,buy,false,1.000000,908.000000,606847268,1300000055157416,2025-11-13T14:35:36
YUKEN,INE384C01016,2025-11-13,NSE,EQ,EQ,buy,false,3.000000,908.000000,606849267,1300000055157416,2025-11-13T14:35:36
YUKEN,INE384C01016,2025-11-13,NSE,EQ,EQ,buy,false,1.000000,908.000000,606848110,1300000055157416,2025-11-13T14:35:36
YUKEN,INE384C01016,2025-11-13,NSE,EQ,EQ,buy,false,1.000000,908.000000,606847495,1300000055157416,2025-11-13T14:35:36
YUKEN,INE384C01016,2025-11-13,NSE,EQ,EQ,buy,false,1.000000,908.000000,606846359,1300000055157416,2025-11-13T14:35:36
ITC,INE154A01025,2025-11-14,BSE,EQ,A,buy,false,24.000000,402.000000,254700,1763091000006077634,2025-11-14T09:17:17
BDL,INE171Z01026,2025-11-14,BSE,EQ,A,sell,false,13.000000,1620.200000,2302700,1763092352856064691,2025-11-14T09:24:33
AADHARHFC,INE883F01010,2025-11-14,NSE,EQ,EQ,sell,false,8.000000,493.850000,459131,1000000004605242,2025-11-14T09:26:07
AADHARHFC,INE883F01010,2025-11-14,NSE,EQ,EQ,sell,false,2.000000,493.900000,459130,1000000004605242,2025-11-14T09:26:07
SKIPPER,INE439E01022,2025-11-14,NSE,EQ,EQ,buy,false,10.000000,495.000000,601288998,1300000010235907,2025-11-14T09:44:02
AMJLAND,INE606A01024,2025-11-14,NSE,EQ,EQ,buy,false,188.000000,53.000000,1209875,1000000011616632,2025-11-14T09:56:48
FINPIPE,INE183A01024,2025-11-14,NSE,EQ,EQ,buy,false,52.000000,190.000000,207055884,1100000061136257,2025-11-14T14:30:50
AMJLAND,INE606A01024,2025-11-17,NSE,EQ,EQ,sell,false,13.000000,54.010000,145864,1000000000941238,2025-11-17T09:16:15
AMJLAND,INE606A01024,2025-11-17,NSE,EQ,EQ,sell,false,20.000000,54.000000,145866,1000000000941238,2025-11-17T09:16:15
AMJLAND,INE606A01024,2025-11-17,NSE,EQ,EQ,sell,false,41.000000,54.300000,145863,1000000000941238,2025-11-17T09:16:15
AMJLAND,INE606A01024,2025-11-17,NSE,EQ,EQ,sell,false,50.000000,54.000000,145865,1000000000941238,2025-11-17T09:16:15
AMJLAND,INE606A01024,2025-11-17,NSE,EQ,EQ,sell,false,55.000000,53.760000,145867,1000000000941238,2025-11-17T09:16:15
AMJLAND,INE606A01024,2025-11-17,NSE,EQ,EQ,sell,false,9.000000,53.700000,145868,1000000000941238,2025-11-17T09:16:15
AWFIS,INE108V01019,2025-11-17,NSE,EQ,EQ,sell,false,17.000000,571.000000,215788,1000000001497837,2025-11-17T09:17:19
SKIPPER,INE439E01022,2025-11-17,NSE,EQ,EQ,sell,false,10.000000,497.700000,600323637,1300000001916044,2025-11-17T09:17:41
PFC,INE134E01011,2025-11-17,BSE,EQ,A,sell,false,15.000000,377.500000,933500,1763350200018342994,2025-11-17T09:22:56
DBEIL,INE0OPA01019,2025-11-18,NSE,EQ,EQ,buy,false,1.000000,137.450000,204040344,1100000030254234,2025-11-18T11:05:12
YUKEN,INE384C01016,2025-11-18,NSE,EQ,EQ,sell,false,6.000000,918.550000,605248836,1300000045557564,2025-11-18T14:13:26
JMFINANCIL,INE780C01023,2025-11-19,NSE,EQ,EQ,buy,false,23.000000,150.190000,200812466,1100000006143906,2025-11-19T09:25:25
PPLPHARMA,INE0DK501011,2025-11-19,NSE,EQ,EQ,buy,false,52.000000,190.000000,401121383,1200000009675072,2025-11-19T09:40:32
PNCINFRA,INE195J01029,2025-11-19,NSE,EQ,EQ,buy,false,22.000000,268.100000,403320070,1200000028509478,2025-11-19T11:31:10
MOSCHIP,INE935B01025,2025-11-19,NSE,EQ,EQ,buy,false,16.000000,226.450000,404332827,1200000037208381,2025-11-19T12:36:14
PPLPHARMA,INE0DK501011,2025-11-19,NSE,EQ,EQ,sell,false,52.000000,190.590000,404347796,1200000037339706,2025-11-19T12:37:13
CAMPUS,INE278Y01022,2025-11-19,NSE,EQ,EQ,buy,false,37.000000,265.000000,4838948,1000000046334280,2025-11-19T14:17:40
ZENSARTECH,INE520A01027,2025-11-20,NSE,EQ,EQ,buy,false,14.000000,729.600000,600120543,1300000000665173,2025-11-20T09:15:30
ITC,INE154A01025,2025-11-20,BSE,EQ,A,sell,false,11.000000,404.200000,138800,1763609400027021153,2025-11-20T09:16:18
ITC,INE154A01025,2025-11-20,BSE,EQ,A,sell,false,13.000000,404.150000,139000,1763609400027021153,2025-11-20T09:16:18
CAMPUS,INE278Y01022,2025-11-20,BSE,EQ,A,sell,false,18.000000,263.750000,354400,1763609400027239719,2025-11-20T09:18:01
CAMPUS,INE278Y01022,2025-11-20,BSE,EQ,A,sell,false,5.000000,264.000000,354000,1763609400027239719,2025-11-20T09:18:01
CAMPUS,INE278Y01022,2025-11-20,BSE,EQ,A,sell,false,1.000000,263.900000,354200,1763609400027239719,2025-11-20T09:18:01
CAMPUS,INE278Y01022,2025-11-20,BSE,EQ,A,sell,false,13.000000,263.700000,354600,1763609400027239719,2025-11-20T09:18:01
CAPITALSFB,INE646H01017,2025-11-20,NSE,EQ,EQ,sell,false,1.000000,274.500000,399109,1000000003838011,2025-11-20T09:26:03
CAPITALSFB,INE646H01017,2025-11-20,NSE,EQ,EQ,sell,false,9.000000,274.550000,399108,1000000003838011,2025-11-20T09:26:03
CAPITALSFB,INE646H01017,2025-11-20,NSE,EQ,EQ,sell,false,10.000000,274.500000,399110,1000000003838011,2025-11-20T09:26:03
STERTOOLS,INE334A01023,2025-11-20,NSE,EQ,EQ,buy,false,14.000000,290.250000,602612050,1300000021380010,2025-11-20T10:50:51
STERTOOLS,INE334A01023,2025-11-20,NSE,EQ,EQ,buy,false,89.000000,290.350000,602612051,1300000021380010,2025-11-20T10:50:51
MGL,INE002S01010,2025-11-20,BSE,EQ,A,buy,false,2.000000,1227.850000,3339900,1763616009592017900,2025-11-20T10:55:53
AADHARHFC,INE883F01010,2025-11-20,NSE,EQ,EQ,buy,false,10.000000,485.400000,1953526,1000000018335402,2025-11-20T11:02:27
YUKEN,INE384C01016,2025-11-20,NSE,EQ,EQ,buy,false,6.000000,908.000000,604309802,1300000035439287,2025-11-20T12:29:23
ITDC,INE353K01014,2025-11-20,NSE,EQ,EQ,buy,false,2.000000,591.050000,204926097,1100000039544407,2025-11-20T12:39:17
ITDC,INE353K01014,2025-11-20,NSE,EQ,EQ,buy,false,8.000000,591.100000,204926098,1100000039544407,2025-11-20T12:39:17
YUKEN,INE384C01016,2025-11-21,NSE,EQ,EQ,sell,false,6.000000,918.550000,600325338,1300000002891818,2025-11-21T09:20:27
ACE,INE731H01025,2025-11-24,NSE,EQ,EQ,buy,false,10.000000,982.000000,465260,1000000000931665,2025-11-24T09:16:22
AADHARHFC,INE883F01010,2025-11-25,NSE,EQ,EQ,sell,false,2.000000,488.400000,100936,1000000000771644,2025-11-25T09:16:07
AADHARHFC,INE883F01010,2025-11-25,NSE,EQ,EQ,sell,false,10.000000,488.600000,100935,1000000000771644,2025-11-25T09:16:07
MGL,INE002S01010,2025-11-25,BSE,EQ,A,buy,false,1.000000,1215.550000,633100,1764041400006471699,2025-11-25T09:21:24
INOXWIND,INE066P01011,2025-11-26,NSE,EQ,EQ,buy,false,30.000000,138.100000,200536310,1100000004257430,2025-11-26T09:24:54
POLYPLEX,INE633B01018,2025-11-26,NSE,EQ,EQ,buy,false,1.000000,850.900000,400606119,1200000004880595,2025-11-26T09:29:06
POLYPLEX,INE633B01018,2025-11-26,NSE,EQ,EQ,buy,false,4.000000,850.900000,400589966,1200000004880595,2025-11-26T09:29:06
ZENSARTECH,INE520A01027,2025-11-26,NSE,EQ,EQ,sell,false,5.000000,731.050000,603177278,1300000025644367,2025-11-26T11:36:08
SKIPPER,INE439E01022,2025-11-26,NSE,EQ,EQ,buy,false,4.000000,476.850000,604602611,1300000039135371,2025-11-26T13:07:53
SKIPPER,INE439E01022,2025-11-26,NSE,EQ,EQ,buy,false,1.000000,476.850000,604602610,1300000039135371,2025-11-26T13:07:53
SKIPPER,INE439E01022,2025-11-26,NSE,EQ,EQ,buy,false,6.000000,476.650000,604602609,1300000039135371,2025-11-26T13:07:53
YUKEN,INE384C01016,2025-11-27,NSE,EQ,EQ,sell,false,10.000000,920.000000,600956571,1300000007746583,2025-11-27T09:37:12
STERTOOLS,INE334A01023,2025-11-27,NSE,EQ,EQ,sell,false,20.000000,282.650000,601113136,1300000009100914,2025-11-27T09:43:08
PFC,INE134E01011,2025-11-27,NSE,EQ,EQ,buy,false,17.000000,366.750000,401830309,1200000018767441,2025-11-27T10:39:04
IGPL,INE204A01010,2025-11-27,NSE,EQ,EQ,buy,false,26.000000,383.000000,207817530,1100000062001987,2025-11-27T15:28:37
ZENSARTECH,INE520A01027,2025-11-28,NSE,EQ,EQ,sell,false,9.000000,745.600000,600223324,1300000001896651,2025-11-28T09:18:06
ITDC,INE353K01014,2025-11-28,NSE,EQ,EQ,sell,false,2.000000,589.000000,202224831,1100000021698738,2025-11-28T10:45:12
ITDC,INE353K01014,2025-11-28,NSE,EQ,EQ,sell,false,8.000000,589.050000,202224830,1100000021698738,2025-11-28T10:45:12
